{
    "name": "JOB_MEDIA_CHECKER_TOOL_ARGENTINA_GOOGLEADS_VIDEO",
    "description": "Data Pipeline Application",
    "artifact": {
        "name": "cdap-data-pipeline",
        "version": "6.5.1",
        "scope": "SYSTEM"
    },
    "config": {
        "resources": {
            "memoryMB": 2048,
            "virtualCores": 1
        },
        "driverResources": {
            "memoryMB": 2048,
            "virtualCores": 1
        },
        "connections": [
            {
                "from": "BigQueryInputTable",
                "to": "ExtractFieldsWrangler"
            },
            {
                "from": "ExtractFieldsWrangler",
                "to": "BigQueryIntermediateFields"
            },
            {
                "from": "BigQueryIntermediateFields",
                "to": "BigQuery Execute"
            },
            {
                "from": "GCS Argument Setter",
                "to": "Conditional"
            },
            {
                "from": "GCS Directive Setter",
                "to": "Conditional"
            },
            {
                "from": "Conditional",
                "to": "BigQueryInputTable",
                "condition": "true"
            },
            {
                "from": "Conditional",
                "to": "GCSInputFinel",
                "condition": "false"
            },
            {
                "from": "GCSInputFinel",
                "to": "ExtractFieldsWrangler"
            }
        ],
        "comments": [],
        "postActions": [],
        "properties": {},
        "processTimingEnabled": true,
        "stageLoggingEnabled": false,
        "stages": [
            {
                "name": "BigQueryInputTable",
                "plugin": {
                    "name": "BigQueryTable",
                    "type": "batchsource",
                    "label": "BigQueryInputTable",
                    "artifact": {
                        "name": "google-cloud",
                        "version": "0.18.1",
                        "scope": "SYSTEM"
                    },
                    "properties": {
                        "useConnection": "false",
                        "project": "auto-detect",
                        "serviceAccountType": "filePath",
                        "serviceFilePath": "auto-detect",
                        "referenceName": "BigQueryInputTable",
                        "dataset": "${input.bq.dataset}",
                        "table": "${input.bq.table}",
                        "filter": "${input.filter}",
                        "enableQueryingViews": "false"
                    }
                },
                "outputSchema": [
                    {
                        "name": "etlSchemaBody",
                        "schema": ""
                    }
                ],
                "id": "BigQueryInputTable",
                "type": "batchsource",
                "label": "BigQueryInputTable",
                "icon": "fa-plug"
            },
            {
                "name": "ExtractFieldsWrangler",
                "plugin": {
                    "name": "Wrangler",
                    "type": "transform",
                    "label": "ExtractFieldsWrangler",
                    "artifact": {
                        "name": "wrangler-transform",
                        "version": "4.5.1",
                        "scope": "SYSTEM"
                    },
                    "properties": {
                        "field": "*",
                        "precondition": "false",
                        "directives": "${extract.recipe}",
                        "on-error": "skip-error",
                        "schema": "${intermediate.schema}"
                    }
                },
                "outputSchema": [
                    {
                        "name": "etlSchemaBody",
                        "schema": "${intermediate.schema}"
                    }
                ],
                "inputSchema": [
                    {
                        "name": "BigQueryInputTable",
                        "schema": ""
                    },
                    {
                        "name": "GCSInputFinel",
                        "schema": "${columns.to.validate}"
                    }
                ],
                "id": "ExtractFieldsWrangler",
                "type": "transform",
                "label": "ExtractFieldsWrangler",
                "icon": "icon-DataPreparation"
            },
            {
                "name": "BigQueryIntermediateFields",
                "plugin": {
                    "name": "BigQueryTable",
                    "type": "batchsink",
                    "label": "BigQueryIntermediateFields",
                    "artifact": {
                        "name": "google-cloud",
                        "version": "0.18.1",
                        "scope": "SYSTEM"
                    },
                    "properties": {
                        "referenceName": "intermediateStep",
                        "project": "auto-detect",
                        "dataset": "${bq.dataset}",
                        "table": "${intermediate.bq.table}",
                        "serviceAccountType": "filePath",
                        "serviceFilePath": "auto-detect",
                        "operation": "insert",
                        "truncateTable": "true",
                        "allowSchemaRelaxation": "true",
                        "location": "US",
                        "createPartitionedTable": "false",
                        "partitioningType": "TIME",
                        "partitionFilterRequired": "false",
                        "schema": "${intermediate.schema}",
                        "bucket": "${temp_bucket}"
                    }
                },
                "outputSchema": "${intermediate.schema}",
                "inputSchema": [
                    {
                        "name": "ExtractFieldsWrangler",
                        "schema": "${intermediate.schema}"
                    }
                ],
                "id": "BigQueryIntermediateFields",
                "type": "batchsink",
                "label": "BigQueryIntermediateFields",
                "icon": "fa-plug"
            },
            {
                "name": "BigQuery Execute",
                "plugin": {
                    "name": "BigQueryExecute",
                    "type": "action",
                    "label": "BigQuery Execute",
                    "artifact": {
                        "name": "google-cloud",
                        "version": "0.18.1",
                        "scope": "SYSTEM"
                    },
                    "properties": {
                        "project": "auto-detect",
                        "sql": "${sql.verif}",
                        "dialect": "standard",
                        "mode": "batch",
                        "useCache": "false",
                        "location": "US",
                        "rowAsArguments": "false",
                        "serviceAccountType": "filePath",
                        "serviceFilePath": "auto-detect"
                    }
                },
                "outputSchema": [
                    {
                        "name": "etlSchemaBody",
                        "schema": ""
                    }
                ],
                "id": "BigQuery-Execute",
                "type": "action",
                "label": "BigQuery Execute",
                "icon": "fa-plug"
            },
            {
                "name": "GCS Argument Setter",
                "plugin": {
                    "name": "GCSArgumentSetter",
                    "type": "action",
                    "label": "GCS Argument Setter",
                    "artifact": {
                        "name": "google-cloud",
                        "version": "0.18.1",
                        "scope": "SYSTEM"
                    },
                    "properties": {
                        "project": "auto-detect",
                        "path": "gs://${source_bucket}/ar_googleads_arguments.json",
                        "serviceAccountType": "filePath",
                        "serviceFilePath": "auto-detect"
                    }
                },
                "outputSchema": [
                    {
                        "name": "etlSchemaBody",
                        "schema": ""
                    }
                ],
                "id": "GCS-Argument-Setter",
                "type": "action",
                "label": "GCS Argument Setter",
                "icon": "fa-plug"
            },
            {
                "name": "Conditional",
                "plugin": {
                    "name": "Conditional",
                    "type": "condition",
                    "label": "Conditional",
                    "artifact": {
                        "name": "condition-plugins",
                        "version": "1.8.1",
                        "scope": "SYSTEM"
                    },
                    "properties": {
                        "expression": "var source = \"${source}\";\nif (source== \"bq\") {\n true;\n} else {\n false;\n}"
                    }
                },
                "outputSchema": [
                    {
                        "name": "etlSchemaBody",
                        "schema": ""
                    }
                ],
                "inputSchema": [
                    {
                        "name": "GCS Argument Setter",
                        "schema": ""
                    },
                    {
                        "name": "GCS Directive Setter",
                        "schema": ""
                    }
                ],
                "id": "Conditional",
                "type": "condition",
                "label": "Conditional",
                "icon": "fa-question-circle-o"
            },
            {
                "name": "GCS Directive Setter",
                "plugin": {
                    "name": "GCSArgumentSetter",
                    "type": "action",
                    "label": "GCS Directive Setter",
                    "artifact": {
                        "name": "google-cloud",
                        "version": "0.18.1",
                        "scope": "SYSTEM"
                    },
                    "properties": {
                        "project": "auto-detect",
                        "path": "gs://${source_bucket}/googleads_video_directives.json",
                        "serviceAccountType": "filePath",
                        "serviceFilePath": "auto-detect"
                    }
                },
                "outputSchema": [
                    {
                        "name": "etlSchemaBody",
                        "schema": ""
                    }
                ],
                "id": "GCS-Directive-Setter",
                "type": "action",
                "label": "GCS Directive Setter",
                "icon": "fa-plug"
            },
            {
                "name": "GCSInputFinel",
                "plugin": {
                    "name": "GCSFile",
                    "type": "batchsource",
                    "label": "GCSInputFinel",
                    "artifact": {
                        "name": "google-cloud",
                        "version": "0.18.1",
                        "scope": "SYSTEM"
                    },
                    "properties": {
                        "useConnection": "false",
                        "project": "auto-detect",
                        "serviceAccountType": "filePath",
                        "serviceFilePath": "auto-detect",
                        "referenceName": "GCSInputFinel",
                        "path": "gs://${source_bucket}/${input.filename}",
                        "format": "text",
                        "skipHeader": "false",
                        "filenameOnly": "false",
                        "recursive": "false",
                        "encrypted": "false",
                        "fileEncoding": "UTF-8",
                        "schema": "${columns.to.validate}",
                        "sampleSize": "1000"
                    }
                },
                "outputSchema": [
                    {
                        "name": "etlSchemaBody",
                        "schema": "${columns.to.validate}"
                    }
                ],
                "id": "GCSInputFinel",
                "type": "batchsource",
                "label": "GCSInputFinel",
                "icon": "fa-plug"
            }
        ],
        "schedule": "0 1 */1 * *",
        "engine": "spark",
        "numOfRecordsPreview": 100,
        "description": "Data Pipeline Application",
        "maxConcurrentRuns": 1
    }
}