[
  {
    "name": "SubscriberKey",
    "type": "STRING"
  },
  {
    "name": "JobId",
    "type": "STRING"
  },
  {
    "name": "LastSend_Date",
    "type": "STRING"
  },
  {
    "name": "LastOpen_Date",
    "type": "STRING"
  },
  {
    "name": "LastClick_Date",
    "type": "STRING"
  },
  {
    "name": "LastUnSub_Date",
    "type": "STRING"
  },
  {
    "name": "TriggeredSendCustomerKey",
    "type": "STRING"
  },
  {
    "name": "LastBounce_Date",
    "type": "STRING"
  },
  {
    "name": "CountryCode",
    "type": "STRING"
  },
  {
    "name": "LastOpen_Device",
    "type": "STRING"
  },
  {
    "name": "LastClick_Device",
    "type": "STRING"
  },
  {
    "name": "LastOpen_OperatingSystem",
    "type": "STRING"
  },
  {
    "name": "LastOpen_EmailClient",
    "type": "STRING"
  },
  {
    "name": "LastOpen_Browser",
    "type": "STRING"
  },
  {
    "name": "LastClick_OperatingSystem",
    "type": "STRING"
  },
  {
    "name": "LastClick_EmailClient",
    "type": "STRING"
  },
  {
    "name": "LastClick_Browser",
    "type": "STRING"
  },
  {
    "name": "SuppressTracking",
    "type": "STRING"
  }
]
