[
  {
    "name": "JobID",
    "type": "STRING"
  },
  {
    "name": "ListID",
    "type": "STRING"
  },
  {
    "name": "BatchID",
    "type": "STRING"
  },
  {
    "name": "SubscriberID",
    "type": "STRING"
  },
  {
    "name": "EventDate",
    "type": "STRING"
  },
  {
    "name": "EventType",
    "type": "STRING"
  },
  {
    "name": "TriggeredSendExternalKey",
    "type": "STRING"
  },
  {
    "name": "IsUnique",
    "type": "STRING"
  },
  {
    "name": "Device",
    "type": "STRING"
  },
  {
    "name": "SubscriberKey",
    "type": "STRING"
  },
  {
    "name": "OperatingSystem",
    "type": "STRING"
  },
  {
    "name": "EmailClient",
    "type": "STRING"
  },
  {
    "name": "Browser",
    "type": "STRING"
  },
  {
    "name": "URL",
    "type": "STRING"
  }
]
