[
  {
    "name": "CLIENTID",
    "type": "STRING"
  },
  {
    "name": "GIGYAID",
    "type": "STRING"
  },
  {
    "name": "BRAND",
    "type": "STRING"
  },
  {
    "name": "COUNTRY_CODE",
    "type": "STRING"
  },
  {
    "name": "REGION",
    "type": "STRING"
  },
  {
    "name": "SECTOR",
    "type": "STRING"
  },
  {
    "fields": [
      {
        "name": "DEVICE",
        "type": "STRING"
      },
      {
        "name": "BROWSER",
        "type": "STRING"
      },
      {
        "name": "TOTAL_SESSIONS",
        "type": "INTEGER"
      },
      {
        "name": "BOUNCE_SESSIONS",
        "type": "INTEGER"
      },
      {
        "name": "NON_BOUNCE_SESSIONS",
        "type": "INTEGER"
      },
      {
        "name": "TOTAL_PAGECOUNT",
        "type": "INTEGER"
      },
      {
        "name": "TOTAL_EVENTCALLS",
        "type": "INTEGER"
      },
      {
        "name": "TOTAL_TIMESPENT",
        "type": "INTEGER"
      },
      {
        "name": "DAYS_SINCE_LAST_HVA",
        "type": "INTEGER"
      },
      {
        "name": "LAST_VISITED",
        "type": "TIMESTAMP"
      },
      {
        "name": "MULTI_BRAND_LOGIN",
        "type": "STRING"
      },
      {
        "name": "MULTI_DEVICE_LOGIN",
        "type": "STRING"
      },
      {
        "name": "ACTIVE_SINCE",
        "type": "TIMESTAMP"
      }
    ],
    "name": "ID",
    "type": "RECORD"
  },
  {
    "fields": [
      {
        "name": "TIME_SLOT",
        "type": "STRING"
      },
      {
        "name": "TIME_SCORE",
        "type": "FLOAT"
      }
    ],
    "mode": "REPEATED",
    "name": "TIME_AFFINITY",
    "type": "RECORD"
  },
  {
    "fields": [
      {
        "name": "DAY_SLOT",
        "type": "STRING"
      },
      {
        "name": "DAY_SCORE",
        "type": "FLOAT"
      }
    ],
    "mode": "REPEATED",
    "name": "DAY_AFFINITY",
    "type": "RECORD"
  },
  {
    "fields": [
      {
        "name": "DEVICE_SLOT",
        "type": "STRING"
      },
      {
        "name": "DEVICE_SCORE",
        "type": "FLOAT"
      }
    ],
    "mode": "REPEATED",
    "name": "DEVICE_AFFINITY",
    "type": "RECORD"
  },
  {
    "fields": [
      {
        "name": "SOURCE_SLOT",
        "type": "STRING"
      },
      {
        "name": "SOURCE_SCORE",
        "type": "FLOAT"
      }
    ],
    "mode": "REPEATED",
    "name": "SOURCE_AFFINITY",
    "type": "RECORD"
  },
  {
    "fields": [
      {
        "name": "MEDIUM_SLOT",
        "type": "STRING"
      },
      {
        "name": "MEDIUM_SCORE",
        "type": "FLOAT"
      }
    ],
    "mode": "REPEATED",
    "name": "MEDIUM_AFFINITY",
    "type": "RECORD"
  },
  {
    "fields": [
      {
        "name": "PRODUCT_SLOT",
        "type": "STRING"
      },
      {
        "name": "PRODUCT_SCORE",
        "type": "FLOAT"
      },
      {
        "name": "PREMIUM_OR_BUDGET",
        "type": "STRING"
      },
      {
        "name": "SEGMENTATION",
        "type": "STRING"
      },
      {
        "name": "CONSUMER_ATTRIBUTES",
        "type": "STRING"
      },
      {
        "name": "CHILD_AGE",
        "type": "STRING"
      },
      {
        "name": "USABILITY",
        "type": "STRING"
      },
      {
        "name": "SKIN_CONSCIOUS",
        "type": "STRING"
      },
      {
        "name": "PRODUCT_FEATURES",
        "type": "STRING"
      }
    ],
    "mode": "REPEATED",
    "name": "PRODUCT_AFFINITY",
    "type": "RECORD"
  },
  {
    "fields": [
      {
        "name": "Product_category_Slot",
        "type": "STRING"
      },
      {
        "name": "Product_category_score",
        "type": "FLOAT"
      }
    ],
    "mode": "REPEATED",
    "name": "PRODUCT_CATEGORY_AFFINITY",
    "type": "RECORD"
  },
  {
    "fields": [
      {
        "name": "CONTENT_CATEGORY_SLOT",
        "type": "STRING"
      },
      {
        "name": "CONTENT_CATEGORY_SCORE",
        "type": "FLOAT"
      }
    ],
    "mode": "REPEATED",
    "name": "CONTENT_CATEGORY_AFFINITY",
    "type": "RECORD"
  },
  {
    "fields": [
      {
        "name": "CONTENT_THEME_SLOT",
        "type": "STRING"
      },
      {
        "name": "CONTENT_THEME_SCORE",
        "type": "FLOAT"
      }
    ],
    "mode": "REPEATED",
    "name": "CONTENT_THEME_AFFINITY",
    "type": "RECORD"
  },
  {
    "fields": [
      {
        "name": "BRAND_SLOT",
        "type": "STRING"
      },
      {
        "name": "BRAND_SCORE",
        "type": "FLOAT"
      },
      {
        "name": "COUNTRY_CODE",
        "type": "STRING"
      },
      {
        "name": "REGION",
        "type": "STRING"
      },
      {
        "name": "SECTOR",
        "type": "STRING"
      },
      {
        "name": "MULTI_DEVICE_LOGIN",
        "type": "STRING"
      },
      {
        "name": "MULTI_BRAND_LOGIN",
        "type": "STRING"
      },
      {
        "name": "NO_NON_BOUNCE_SESSION_SCORE",
        "type": "FLOAT"
      },
      {
        "name": "TOTAL_PRODUCT_VIEWED_SCORE",
        "type": "FLOAT"
      },
      {
        "name": "TOTAL_CONTENT_VIEWED_SCORE",
        "type": "FLOAT"
      },
      {
        "name": "LOGIN_CNT_SCORE",
        "type": "FLOAT"
      }
    ],
    "mode": "REPEATED",
    "name": "CROSS_BRAND",
    "type": "RECORD"
  },
  {
    "fields": [
      {
        "name": "TOTAL_PAGEVIEW_TIME",
        "type": "FLOAT"
      },
      {
        "name": "TOTAL_TIMEONSITE",
        "type": "INTEGER"
      },
      {
        "name": "TOTAL_NUM_SESSIONS",
        "type": "INTEGER"
      },
      {
        "name": "TOTAL_PAGEPATH_COUNT",
        "type": "INTEGER"
      },
      {
        "name": "PAGEVIEWS",
        "type": "INTEGER"
      },
      {
        "name": "FINAL_RETURN_FREQUENCY_SLOT",
        "type": "STRING"
      },
      {
        "name": "EMAIL_INTERACTION_CNT",
        "type": "INTEGER"
      },
      {
        "name": "NO_NON_BOUNCE_SESSION",
        "type": "INTEGER"
      },
      {
        "name": "BRAND_COUNT",
        "type": "INTEGER"
      },
      {
        "name": "MULTIPLE_DEVICE_LOGIN_CNT",
        "type": "INTEGER"
      },
      {
        "name": "REGISTRATION_CNT",
        "type": "INTEGER"
      },
      {
        "name": "REGISTRATION_DATE",
        "type": "INTEGER"
      },
      {
        "name": "LOGIN_CNT",
        "type": "INTEGER"
      },
      {
        "name": "NEWSLETTER_SUBSCRIPTION_CNT",
        "type": "INTEGER"
      },
      {
        "name": "RETAILER_CLICK_OUT_CNT",
        "type": "INTEGER"
      },
      {
        "name": "BUY_NOW_CNT",
        "type": "INTEGER"
      },
      {
        "name": "THEME_CONTENT_CONSUMPTION_CNT",
        "type": "INTEGER"
      },
      {
        "name": "PRODUCT_CONTENT_CONSUMPTION_CNT",
        "type": "INTEGER"
      },
      {
        "name": "NON_MEDIA_ASSISTED_SESSION_CNT",
        "type": "INTEGER"
      },
      {
        "name": "DIRECT_ACCESS_SESSION_CNT",
        "type": "INTEGER"
      },
      {
        "name": "SHARED_OR_SOCIAL_ACCESS_SESSION_CNT",
        "type": "INTEGER"
      },
      {
        "name": "BRANDED_SEARCH_ACCESS_SESSION_CNT",
        "type": "INTEGER"
      },
      {
        "name": "NON_BRANDED_SEARCH_ACCESS_SESSION_CNT",
        "type": "INTEGER"
      },
      {
        "name": "EMAIL_ACCESS_SESSION_CNT",
        "type": "INTEGER"
      },
      {
        "name": "INTERNAL_SITE_SEARCH_CNT",
        "type": "INTEGER"
      },
      {
        "name": "ADD_REVIEW_CNT",
        "type": "INTEGER"
      },
      {
        "name": "SOCIAL_CLICKS_CNT",
        "type": "INTEGER"
      },
      {
        "name": "FIRST_TIME_VISITORS_CNT",
        "type": "INTEGER"
      },
      {
        "name": "TOTAL_HVA_CNT",
        "type": "INTEGER"
      },
      {
        "name": "NO_OF_SESSION_SCORE",
        "type": "INTEGER"
      },
      {
        "name": "PAGE_VIEWS_SCORE",
        "type": "INTEGER"
      },
      {
        "name": "RETURN_FREQUENCY_SCORE",
        "type": "INTEGER"
      },
      {
        "name": "EMAIL_INTERACTION_SCORE",
        "type": "INTEGER"
      },
      {
        "name": "NON_BOUNCE_SESSIONS",
        "type": "INTEGER"
      },
      {
        "name": "CROSS_BRAND",
        "type": "INTEGER"
      },
      {
        "name": "MULTIPLE_DEVICE_LOGIN",
        "type": "INTEGER"
      },
      {
        "name": "ACTIVE_FOR_LAST_MONTH",
        "type": "INTEGER"
      },
      {
        "name": "ACTIVE_FOR_LAST_3_MONTHS",
        "type": "INTEGER"
      },
      {
        "name": "REGISTRATION",
        "type": "INTEGER"
      },
      {
        "name": "LOGIN",
        "type": "INTEGER"
      },
      {
        "name": "NEWSLETTER_SUBSCRIPTION",
        "type": "INTEGER"
      },
      {
        "name": "RETAILER_CLICK_OUT",
        "type": "INTEGER"
      },
      {
        "name": "BUY_NOW",
        "type": "INTEGER"
      },
      {
        "name": "THEME_CONTENT_CONSUMPTION",
        "type": "INTEGER"
      },
      {
        "name": "PRODUCT_CONTENT_CONSUMPTION",
        "type": "INTEGER"
      },
      {
        "name": "NON_MEDIA_ASSISTED_SESSION",
        "type": "INTEGER"
      },
      {
        "name": "DIRECT_ACCESS_SESSION",
        "type": "INTEGER"
      },
      {
        "name": "SHARED_OR_SOCIAL_ACCESS_SESSION",
        "type": "INTEGER"
      },
      {
        "name": "BRANDED_SEARCH_ACCESS_SESSION",
        "type": "INTEGER"
      },
      {
        "name": "NON_BRANDED_SEARCH_ACCESS_SESSION",
        "type": "INTEGER"
      },
      {
        "name": "EMAIL_ACCESS_SESSION",
        "type": "INTEGER"
      },
      {
        "name": "INTERNAL_SITE_SEARCH",
        "type": "INTEGER"
      },
      {
        "name": "ADD_REVIEW",
        "type": "INTEGER"
      },
      {
        "name": "SOCIAL_CLICKS",
        "type": "INTEGER"
      },
      {
        "name": "PROFILE_OPT_INS",
        "type": "INTEGER"
      },
      {
        "name": "FIRST_TIME_VISITORS",
        "type": "INTEGER"
      },
      {
        "name": "POME_CONSUMER",
        "type": "INTEGER"
      },
      {
        "name": "ENGAGED_CONSUMER",
        "type": "INTEGER"
      },
      {
        "name": "POLLEN_PAL",
        "type": "INTEGER"
      },
      {
        "name": "ANDREX_CLEAN_PROFILER",
        "type": "INTEGER"
      },
      {
        "name": "AGG_HVA_SCORE",
        "type": "INTEGER"
      }
    ],
    "name": "HVA_SCORE",
    "type": "RECORD"
  }
]
