[
  {
    "name": "CLIENTID",
    "type": "STRING"
  },
  {
    "name": "GIGYAID",
    "type": "STRING"
  },
  {
    "name": "BRAND",
    "type": "STRING"
  },
  {
    "name": "COUNTRY_CODE",
    "type": "STRING"
  },
  {
    "name": "REGION",
    "type": "STRING"
  },
  {
    "name": "SECTOR",
    "type": "STRING"
  },
  {
    "name": "MULTI_DEVICE_LOGIN",
    "type": "STRING"
  },
  {
    "name": "MULTI_BRAND_LOGIN",
    "type": "STRING"
  },
  {
    "name": "NO_NON_BOUNCE_SESSION_SCORE",
    "type": "FLOAT"
  },
  {
    "name": "TOTAL_PRODUCT_VIEWED_SCORE",
    "type": "FLOAT"
  },
  {
    "name": "TOTAL_CONTENT_VIEWED_SCORE",
    "type": "FLOAT"
  },
  {
    "name": "LOGIN_CNT_SCORE",
    "type": "FLOAT"
  },
  {
    "name": "BRAND_AFFINITY_SCORE",
    "type": "FLOAT"
  },
  {
    "name": "INSERT_DTM",
    "type": "DATETIME"
  },
  {
    "name": "UPDATE_DTM",
    "type": "DATETIME"
  }
]
