[
  {
    "mode": "NULLABLE",
    "name": "_file",
    "type": "STRING"
  },
  {
    "mode": "NULLABLE",
    "name": "_line",
    "type": "INTEGER"
  },
  {
    "mode": "NULLABLE",
    "name": "_fivetran_synced",
    "type": "TIMESTAMP"
  },
  {
    "mode": "NULLABLE",
    "name": "_modified",
    "type": "TIMESTAMP"
  },
  {
    "mode": "NULLABLE",
    "name": "batch_id",
    "type": "INTEGER"
  },
  {
    "mode": "NULLABLE",
    "name": "browser",
    "type": "STRING"
  },
  {
    "mode": "NULLABLE",
    "name": "device",
    "type": "STRING"
  },
  {
    "mode": "NULLABLE",
    "name": "email_client",
    "type": "STRING"
  },
  {
    "mode": "NULLABLE",
    "name": "event_date",
    "type": "DATETIME"
  },
  {
    "mode": "NULLABLE",
    "name": "event_type",
    "type": "STRING"
  },
  {
    "mode": "NULLABLE",
    "name": "is_unique",
    "type": "BOOLEAN"
  },
  {
    "mode": "NULLABLE",
    "name": "job_id",
    "type": "INTEGER"
  },
  {
    "mode": "NULLABLE",
    "name": "list_id",
    "type": "INTEGER"
  },
  {
    "mode": "NULLABLE",
    "name": "operating_system",
    "type": "STRING"
  },
  {
    "mode": "NULLABLE",
    "name": "subscriber_id",
    "type": "INTEGER"
  },
  {
    "mode": "NULLABLE",
    "name": "subscriber_key",
    "type": "STRING"
  },
  {
    "mode": "NULLABLE",
    "name": "triggered_send_external_key",
    "type": "STRING"
  },
  {
    "mode": "NULLABLE",
    "name": "url",
    "type": "STRING"
  }
]
