[
  {
    "mode": "NULLABLE",
    "name": "_file",
    "type": "STRING"
  },
  {
    "mode": "NULLABLE",
    "name": "_line",
    "type": "INTEGER"
  },
  {
    "mode": "NULLABLE",
    "name": "_fivetran_synced",
    "type": "TIMESTAMP"
  },
  {
    "mode": "NULLABLE",
    "name": "_modified",
    "type": "TIMESTAMP"
  },
  {
    "mode": "NULLABLE",
    "name": "brand",
    "type": "STRING"
  },
  {
    "mode": "NULLABLE",
    "name": "country_code",
    "type": "STRING"
  },
  {
    "mode": "NULLABLE",
    "name": "email_name",
    "type": "STRING"
  },
  {
    "mode": "NULLABLE",
    "name": "job_id",
    "type": "INTEGER"
  },
  {
    "mode": "NULLABLE",
    "name": "last_bounce_date",
    "type": "STRING"
  },
  {
    "mode": "NULLABLE",
    "name": "last_click_browser",
    "type": "STRING"
  },
  {
    "mode": "NULLABLE",
    "name": "last_click_date",
    "type": "STRING"
  },
  {
    "mode": "NULLABLE",
    "name": "last_click_device",
    "type": "STRING"
  },
  {
    "mode": "NULLABLE",
    "name": "last_click_email_client",
    "type": "STRING"
  },
  {
    "mode": "NULLABLE",
    "name": "last_click_operating_system",
    "type": "STRING"
  },
  {
    "mode": "NULLABLE",
    "name": "last_open_browser",
    "type": "STRING"
  },
  {
    "mode": "NULLABLE",
    "name": "last_open_date",
    "type": "DATETIME"
  },
  {
    "mode": "NULLABLE",
    "name": "last_open_device",
    "type": "STRING"
  },
  {
    "mode": "NULLABLE",
    "name": "last_open_email_client",
    "type": "STRING"
  },
  {
    "mode": "NULLABLE",
    "name": "last_open_operating_system",
    "type": "STRING"
  },
  {
    "mode": "NULLABLE",
    "name": "last_send_date",
    "type": "DATETIME"
  },
  {
    "mode": "NULLABLE",
    "name": "last_un_sub_date",
    "type": "STRING"
  },
  {
    "mode": "NULLABLE",
    "name": "subscriber_key",
    "type": "STRING"
  },
  {
    "mode": "NULLABLE",
    "name": "suppress_tracking",
    "type": "BOOLEAN"
  },
  {
    "mode": "NULLABLE",
    "name": "triggered_send_customer_key",
    "type": "INTEGER"
  }
]
