[
  {
    "name": "GIGYAID_OR_CLIENTID",
    "type": "STRING"
  },
  {
    "name": "BRAND",
    "type": "STRING"
  },
  {
    "name": "COUNTRY_CODE",
    "type": "STRING"
  },
  {
    "name": "REGION",
    "type": "STRING"
  },
  {
    "name": "SECTOR",
    "type": "STRING"
  },
  {
    "name": "TOTAL_PAGEVIEW_TIME",
    "type": "FLOAT"
  },
  {
    "name": "TOTAL_TIMEONSITE",
    "type": "INTEGER"
  },
  {
    "name": "TOTAL_NUM_SESSIONS",
    "type": "INTEGER"
  },
  {
    "name": "TOTAL_PAGEPATH_COUNT",
    "type": "INTEGER"
  },
  {
    "name": "PAGEVIEWS",
    "type": "INTEGER"
  },
  {
    "name": "FINAL_RETURN_FREQUENCY_SLOT",
    "type": "STRING"
  },
  {
    "name": "EMAIL_INTERACTION_CNT",
    "type": "INTEGER"
  },
  {
    "name": "NO_NON_BOUNCE_SESSION",
    "type": "INTEGER"
  },
  {
    "name": "BRAND_COUNT",
    "type": "INTEGER"
  },
  {
    "name": "MULTIPLE_DEVICE_LOGIN_CNT",
    "type": "INTEGER"
  },
  {
    "name": "REGISTRATION_CNT",
    "type": "INTEGER"
  },
  {
    "name": "REGISTRATION_DATE",
    "type": "INTEGER"
  },
  {
    "name": "LOGIN_CNT",
    "type": "INTEGER"
  },
  {
    "name": "NEWSLETTER_SUBSCRIPTION_CNT",
    "type": "INTEGER"
  },
  {
    "name": "RETAILER_CLICK_OUT_CNT",
    "type": "INTEGER"
  },
  {
    "name": "BUY_NOW_CNT",
    "type": "INTEGER"
  },
  {
    "name": "THEME_CONTENT_CONSUMPTION_CNT",
    "type": "INTEGER"
  },
  {
    "name": "PRODUCT_CONTENT_CONSUMPTION_CNT",
    "type": "INTEGER"
  },
  {
    "name": "NON_MEDIA_ASSISTED_SESSION_CNT",
    "type": "INTEGER"
  },
  {
    "name": "DIRECT_ACCESS_SESSION_CNT",
    "type": "INTEGER"
  },
  {
    "name": "SHARED_OR_SOCIAL_ACCESS_SESSION_CNT",
    "type": "INTEGER"
  },
  {
    "name": "BRANDED_SEARCH_ACCESS_SESSION_CNT",
    "type": "INTEGER"
  },
  {
    "name": "NON_BRANDED_SEARCH_ACCESS_SESSION_CNT",
    "type": "INTEGER"
  },
  {
    "name": "EMAIL_ACCESS_SESSION_CNT",
    "type": "INTEGER"
  },
  {
    "name": "INTERNAL_SITE_SEARCH_CNT",
    "type": "INTEGER"
  },
  {
    "name": "ADD_REVIEW_CNT",
    "type": "INTEGER"
  },
  {
    "name": "SOCIAL_CLICKS_CNT",
    "type": "INTEGER"
  },
  {
    "name": "FIRST_TIME_VISITORS_CNT",
    "type": "INTEGER"
  },
  {
    "name": "TOTAL_HVA_CNT",
    "type": "INTEGER"
  },
  {
    "name": "NO_OF_SESSION_SCORE",
    "type": "INTEGER"
  },
  {
    "name": "PAGE_VIEWS_SCORE",
    "type": "INTEGER"
  },
  {
    "name": "RETURN_FREQUENCY_SCORE",
    "type": "INTEGER"
  },
  {
    "name": "EMAIL_INTERACTION_SCORE",
    "type": "INTEGER"
  },
  {
    "name": "NON_BOUNCE_SESSIONS",
    "type": "INTEGER"
  },
  {
    "name": "CROSS_BRAND",
    "type": "INTEGER"
  },
  {
    "name": "MULTIPLE_DEVICE_LOGIN",
    "type": "INTEGER"
  },
  {
    "name": "ACTIVE_FOR_LAST_MONTH",
    "type": "INTEGER"
  },
  {
    "name": "ACTIVE_FOR_LAST_3_MONTHS",
    "type": "INTEGER"
  },
  {
    "name": "REGISTRATION",
    "type": "INTEGER"
  },
  {
    "name": "LOGIN",
    "type": "INTEGER"
  },
  {
    "name": "NEWSLETTER_SUBSCRIPTION",
    "type": "INTEGER"
  },
  {
    "name": "RETAILER_CLICK_OUT",
    "type": "INTEGER"
  },
  {
    "name": "BUY_NOW",
    "type": "INTEGER"
  },
  {
    "name": "THEME_CONTENT_CONSUMPTION",
    "type": "INTEGER"
  },
  {
    "name": "PRODUCT_CONTENT_CONSUMPTION",
    "type": "INTEGER"
  },
  {
    "name": "NON_MEDIA_ASSISTED_SESSION",
    "type": "INTEGER"
  },
  {
    "name": "DIRECT_ACCESS_SESSION",
    "type": "INTEGER"
  },
  {
    "name": "SHARED_OR_SOCIAL_ACCESS_SESSION",
    "type": "INTEGER"
  },
  {
    "name": "BRANDED_SEARCH_ACCESS_SESSION",
    "type": "INTEGER"
  },
  {
    "name": "NON_BRANDED_SEARCH_ACCESS_SESSION",
    "type": "INTEGER"
  },
  {
    "name": "EMAIL_ACCESS_SESSION",
    "type": "INTEGER"
  },
  {
    "name": "INTERNAL_SITE_SEARCH",
    "type": "INTEGER"
  },
  {
    "name": "ADD_REVIEW",
    "type": "INTEGER"
  },
  {
    "name": "SOCIAL_CLICKS",
    "type": "INTEGER"
  },
  {
    "name": "Profile_Opt_Ins",
    "type": "INTEGER"
  },
  {
    "name": "FIRST_TIME_VISITORS",
    "type": "INTEGER"
  },
  {
    "name": "POME_CONSUMER",
    "type": "INTEGER"
  },
  {
    "name": "ENGAGED_CONSUMER",
    "type": "INTEGER"
  },
  {
    "name": "POLLEN_PAL",
    "type": "INTEGER"
  },
  {
    "name": "ANDREX_CLEAN_PROFILER",
    "type": "INTEGER"
  },
  {
    "name": "AGG_HVA_SCORE",
    "type": "INTEGER"
  },
  {
    "name": "INSERT_DTM",
    "type": "DATETIME"
  },
  {
    "name": "UPDATE_DTM",
    "type": "DATETIME"
  }
]
