[
  {
    "name": "CLIENTID",
    "type": "STRING"
  },
  {
    "name": "GIGYAID",
    "type": "STRING"
  },
  {
    "name": "BRAND",
    "type": "STRING"
  },
  {
    "name": "REGION",
    "type": "STRING"
  },
  {
    "name": "SECTOR",
    "type": "STRING"
  },
  {
    "name": "DEVICE",
    "type": "STRING"
  },
  {
    "name": "BROWSER",
    "type": "STRING"
  },
  {
    "name": "TOTAL_SESSIONS",
    "type": "INTEGER"
  },
  {
    "name": "BOUNCE_SESSIONS",
    "type": "INTEGER"
  },
  {
    "name": "NON_BOUNCE_SESSIONS",
    "type": "INTEGER"
  },
  {
    "name": "TOTAL_PAGECOUNT",
    "type": "INTEGER"
  },
  {
    "name": "TOTAL_EVENTCALLS",
    "type": "INTEGER"
  },
  {
    "name": "TOTAL_TIMESPENT",
    "type": "INTEGER"
  },
  {
    "name": "DAYS_SINCE_LAST_HVA",
    "type": "INTEGER"
  },
  {
    "name": "LAST_VISITED",
    "type": "TIMESTAMP"
  },
  {
    "name": "MULTI_BRAND_LOGIN",
    "type": "STRING"
  },
  {
    "name": "MULTI_DEVICE_LOGIN",
    "type": "STRING"
  },
  {
    "name": "ACTIVE_SINCE",
    "type": "TIMESTAMP"
  },
  {
    "name": "INSERT_DATE",
    "type": "DATE"
  },
  {
    "name": "UPDATE_DATE",
    "type": "DATE"
  },
  {
    "name": "COUNTRY_CODE",
    "type": "STRING"
  }
]
