[
  {
    "mode": "NULLABLE",
    "name": "BRAND",
    "type": "STRING"
  },
  {
    "mode": "NULLABLE",
    "name": "REGION",
    "type": "STRING"
  },
  {
    "mode": "NULLABLE",
    "name": "COUNTRY",
    "type": "STRING"
  },
  {
    "mode": "NULLABLE",
    "name": "SECTOR",
    "type": "STRING"
  },
  {
    "mode": "NULLABLE",
    "name": "NO_OF_SESSIONS_1_TO_5",
    "type": "INTEGER"
  },
  {
    "mode": "NULLABLE",
    "name": "NO_OF_SESSIONS_5_TO_10",
    "type": "INTEGER"
  },
  {
    "mode": "NULLABLE",
    "name": "NO_OF_SESSIONS_10_PLUS",
    "type": "INTEGER"
  },
  {
    "mode": "NULLABLE",
    "name": "PAGE_VIEWS_SCORE_2_PLUS",
    "type": "INTEGER"
  },
  {
    "mode": "NULLABLE",
    "name": "PAGE_VIEWS_SCORE_5_PLUS",
    "type": "INTEGER"
  },
  {
    "mode": "NULLABLE",
    "name": "PAGE_VIEWS_SCORE_10_PLUS",
    "type": "INTEGER"
  },
  {
    "mode": "NULLABLE",
    "name": "RETURN_FREQUENCY_SCORE_LESS_THAN_3",
    "type": "INTEGER"
  },
  {
    "mode": "NULLABLE",
    "name": "RETURN_FREQUENCY_SCORE_4_TO_14",
    "type": "INTEGER"
  },
  {
    "mode": "NULLABLE",
    "name": "RETURN_FREQUENCY_SCORE_14_PLUS",
    "type": "INTEGER"
  },
  {
    "mode": "NULLABLE",
    "name": "EMAIL_INTERACTION_SCORE_UPTO_1_MONTH",
    "type": "INTEGER"
  },
  {
    "mode": "NULLABLE",
    "name": "EMAIL_INTERACTION_SCORE_1_TO_5_MONTH",
    "type": "INTEGER"
  },
  {
    "mode": "NULLABLE",
    "name": "EMAIL_INTERACTION_SCORE_5_PLUS_MONTHS",
    "type": "INTEGER"
  },
  {
    "mode": "NULLABLE",
    "name": "NON_BOUNCE_SESSIONS",
    "type": "INTEGER"
  },
  {
    "mode": "NULLABLE",
    "name": "CROSS_BRAND",
    "type": "INTEGER"
  },
  {
    "mode": "NULLABLE",
    "name": "MULTIPLE_DEVICE_LOGIN",
    "type": "INTEGER"
  },
  {
    "mode": "NULLABLE",
    "name": "ACTIVE_FOR_LAST_MONTH",
    "type": "INTEGER"
  },
  {
    "mode": "NULLABLE",
    "name": "ACTIVE_FOR_LAST_3_MONTHS",
    "type": "INTEGER"
  },
  {
    "mode": "NULLABLE",
    "name": "REGISTRATION",
    "type": "INTEGER"
  },
  {
    "mode": "NULLABLE",
    "name": "LOGIN",
    "type": "INTEGER"
  },
  {
    "mode": "NULLABLE",
    "name": "NEWSLETTER_SUBSCRIPTION",
    "type": "INTEGER"
  },
  {
    "mode": "NULLABLE",
    "name": "RETAILER_CLICK_OUT",
    "type": "INTEGER"
  },
  {
    "mode": "NULLABLE",
    "name": "BUY_NOW",
    "type": "INTEGER"
  },
  {
    "mode": "NULLABLE",
    "name": "THEME_CONTENT_CONSUMPTION",
    "type": "INTEGER"
  },
  {
    "mode": "NULLABLE",
    "name": "PRODUCT_CONTENT_CONSUMPTION",
    "type": "INTEGER"
  },
  {
    "mode": "NULLABLE",
    "name": "NON_MEDIA_ASSISTED_SESSION",
    "type": "INTEGER"
  },
  {
    "mode": "NULLABLE",
    "name": "DIRECT_ACCESS_SESSION",
    "type": "INTEGER"
  },
  {
    "mode": "NULLABLE",
    "name": "SHARED_OR_SOCIAL_ACCESS_SESSION",
    "type": "INTEGER"
  },
  {
    "mode": "NULLABLE",
    "name": "BRANDED_SEARCH_ACCESS_SESSION",
    "type": "INTEGER"
  },
  {
    "mode": "NULLABLE",
    "name": "NON_BRANDED_SEARCH_ACCESS_SESSION",
    "type": "INTEGER"
  },
  {
    "mode": "NULLABLE",
    "name": "EMAIL_ACCESS_SESSION",
    "type": "INTEGER"
  },
  {
    "mode": "NULLABLE",
    "name": "INTERNAL_SITE_SEARCH",
    "type": "INTEGER"
  },
  {
    "mode": "NULLABLE",
    "name": "ADD_REVIEW",
    "type": "INTEGER"
  },
  {
    "mode": "NULLABLE",
    "name": "SOCIAL_CLICKS",
    "type": "INTEGER"
  },
  {
    "mode": "NULLABLE",
    "name": "PROFILE_OPT_INS",
    "type": "INTEGER"
  },
  {
    "mode": "NULLABLE",
    "name": "POME_CONSUMER",
    "type": "INTEGER"
  },
  {
    "mode": "NULLABLE",
    "name": "ENGAGED_CONSUMER",
    "type": "INTEGER"
  },
  {
    "mode": "NULLABLE",
    "name": "POLLEN_PAL",
    "type": "INTEGER"
  },
  {
    "mode": "NULLABLE",
    "name": "ANDREX_CLEAN_PROFILER",
    "type": "INTEGER"
  },
  {
    "mode": "NULLABLE",
    "name": "KLEENEX_ALLERGY",
    "type": "INTEGER"
  },
  {
    "mode": "NULLABLE",
    "name": "ANDREX_VIDEO_PLAY_ON_FLUSHABILITY",
    "type": "INTEGER"
  },
  {
    "mode": "NULLABLE",
    "name": "FIRST_TIME_VISITORS",
    "type": "INTEGER"
  }
]
