[
  {
    "name": "BRAND",
    "type": "STRING"
  },
  {
    "name": "PRODUCT_DETAILS",
    "type": "STRING"
  },
  {
    "name": "PRODUCT_TYPE",
    "type": "STRING"
  },
  {
    "name": "CLASSIFICATION",
    "type": "STRING"
  },
  {
    "name": "PREMIUM_OR_BUDGET",
    "type": "STRING"
  },
  {
    "name": "SEGMENTATION",
    "type": "STRING"
  },
  {
    "name": "CONSUMER_ATTRIBUTES",
    "type": "STRING"
  },
  {
    "name": "CHILD_AGE",
    "type": "STRING"
  },
  {
    "name": "USABILITY",
    "type": "STRING"
  },
  {
    "name": "SKIN_CONSCIOUS",
    "type": "STRING"
  },
  {
    "name": "PRODUCT_FEATURES",
    "type": "STRING"
  }
]
