[
  {
    "name": "GIGYAID",
    "type": "STRING"
  },
  {
    "name": "BRAND",
    "type": "STRING"
  },
  {
    "name": "COUNTRY_CODE",
    "type": "STRING"
  },
  {
    "name": "REGION",
    "type": "STRING"
  },
  {
    "name": "SECTOR",
    "type": "STRING"
  },
  {
    "name": "TIME_OF_DAY_1",
    "type": "STRING"
  },
  {
    "name": "TIME_OF_DAY_2",
    "type": "STRING"
  },
  {
    "name": "TIME_OF_DAY_3",
    "type": "STRING"
  },
  {
    "name": "WEEKDAY_VS_WEEKEND",
    "type": "STRING"
  },
  {
    "name": "DEVICE_AFFINITY_1",
    "type": "STRING"
  },
  {
    "name": "DEVICE_AFFINITY_2",
    "type": "STRING"
  },
  {
    "name": "CROSS_DEVICE_A_B",
    "type": "STRING"
  },
  {
    "name": "MEDIA_SOURCE_ND_MEDIUM_1",
    "type": "STRING"
  },
  {
    "name": "MEDIA_SOURCE_ND_MEDIUM_2",
    "type": "STRING"
  },
  {
    "name": "MEDIA_SOURCE_ND_MEDIUM_3",
    "type": "STRING"
  },
  {
    "name": "PRODUCT_AFFINITY_1",
    "type": "STRING"
  },
  {
    "name": "PRODUCT_AFFINITY_2",
    "type": "STRING"
  },
  {
    "name": "PRODUCT_AFFINITY_3",
    "type": "STRING"
  },
  {
    "name": "PRODUCT_CATEGORY_AFFINITY",
    "type": "STRING"
  },
  {
    "name": "CONTENT_CATEGORY_AFFINITY_1",
    "type": "STRING"
  },
  {
    "name": "CONTENT_CATEGORY_AFFINITY_2",
    "type": "STRING"
  },
  {
    "name": "CONTENT_CATEGORY_AFFINITY_3",
    "type": "STRING"
  },
  {
    "name": "CONTENT_THEME_AFFINITY",
    "type": "STRING"
  },
  {
    "name": "PRODUCT_AFFINITY_CONTENT_AFFINITY_CONSUMPTION_COUNT",
    "type": "INTEGER"
  },
  {
    "name": "BUY_NOW_REGISTRATION_NEWSLETTER_SUBSCRIPTION_COUNT",
    "type": "INTEGER"
  },
  {
    "name": "ACTIVE_FOR_LAST_MONTH_COUNT",
    "type": "FLOAT"
  },
  {
    "name": "EMAIL_INTERACTION_COUNT",
    "type": "INTEGER"
  },
  {
    "name": "PAGE_VIEWS_SCORE_COUNT",
    "type": "INTEGER"
  },
  {
    "name": "DERIVED_ATTRIBUTES_A1_A2_A3_A4_A5",
    "type": "STRING"
  },
  {
    "name": "CROSS_BRAND",
    "type": "STRING"
  },
  {
    "name": "AGG_HVA_SCORE",
    "type": "INTEGER"
  },
  {
    "name": "DAYS_SINCE_LAST_HVA",
    "type": "INTEGER"
  },
  {
    "name": "OPT_IN",
    "type": "STRING"
  },
  {
    "name": "ENGAGED_VS_CONSUMER",
    "type": "STRING"
  }
]
