[
  {
    "name": "CLIENTID",
    "type": "STRING"
  },
  {
    "name": "GIGYAID",
    "type": "STRING"
  },
  {
    "name": "BRAND",
    "type": "STRING"
  },
  {
    "name": "COUNTRY_CODE",
    "type": "STRING"
  },
  {
    "name": "REGION",
    "type": "STRING"
  },
  {
    "name": "SECTOR",
    "type": "STRING"
  },
  {
    "name": "SOURCE_SLOT",
    "type": "STRING"
  },
  {
    "name": "SOURCE_SCORE",
    "type": "FLOAT"
  },
  {
    "name": "INSERT_DTM",
    "type": "DATETIME"
  },
  {
    "name": "UPDATE_DTM",
    "type": "DATETIME"
  }
]
