[ 
      {
        "name": "CURRENCY",
        "type": "STRING",
        "mode": "NULLABLE"
      },
      {
        "name": "DATE",
        "type": "STRING",
        "mode": "NULLABLE"
      },
      {
        "name": "ADGROUP_NAME",
        "type": "STRING",
        "mode": "NULLABLE"
      },
      {
        "name": "CAMPAGIN_NAME",
        "type": "STRING",
        "mode": "NULLABLE"
      },
      {
        "name": "CHANNEL",
        "type": "STRING",
        "mode": "NULLABLE"
      },
      {
        "name": "KEYWORD",
        "type": "STRING",
        "mode": "NULLABLE"
      },
      {
        "name": "PROFILE_NAME",
        "type": "STRING",
        "mode": "NULLABLE"
      },
      {
        "name": "ACCOUNT_NAME",
        "type": "STRING",
        "mode": "NULLABLE"
      },
      {
        "name": "ADGROUP_ID",
        "type": "INTEGER",
        "mode": "NULLABLE"
      },
      {
        "name": "ADGROUP_ID_IN_KENSHOO",
        "type": "INTEGER",
        "mode": "NULLABLE"
      },
      {
        "name": "ADGROUP_STATUS",
        "type": "STRING",
        "mode": "NULLABLE"
      },
      {
        "name": "BID",
        "type": "STRING",
        "mode": "NULLABLE"
      },
      {
        "name": "CAMPAIGN_ID",
        "type": "INTEGER",
        "mode": "NULLABLE"
      },
      {
        "name": "CAMPAIGN_STATUS",
        "type": "STRING",
        "mode": "NULLABLE"
      },
      {
        "name": "CHANNEL_ACCOUNT_ID",
        "type": "STRING",
        "mode": "NULLABLE"
      },
      {
        "name": "CHANNEL_ACCOUNT_PUBLISHER_ID",
        "type": "STRING",
        "mode": "NULLABLE"
      },
      {
        "name": "CHANNEL_ADGROUP_ID",
        "type": "STRING",
        "mode": "NULLABLE"
      },
      {
        "name": "CHANNEL_CAMPAIGN_ID",
        "type": "STRING",
        "mode": "NULLABLE"
      },
      {
        "name": "CHANNEL_KEYWORD_ID",
        "type": "STRING",
        "mode": "NULLABLE"
      },
      {
        "name": "CUSTOM_PARAMETER_1",
        "type": "STRING",
        "mode": "NULLABLE"
      },
      {
        "name": "CUSTOM_PARAMETER_2",
        "type": "STRING",
        "mode": "NULLABLE"
      },
      {
        "name": "CUSTOM_PARAMETER_3",
        "type": "STRING",
        "mode": "NULLABLE"
      },
      {
        "name": "KEYWORD_CREATION_DATE",
        "type": "TIMESTAMP",
        "mode": "NULLABLE"
      },
      {
        "name": "KEYWORD_ID",
        "type": "STRING",
        "mode": "NULLABLE"
      },
      {
        "name": "LAND_URL",
        "type": "STRING",
        "mode": "NULLABLE"
      },
      {
        "name": "LAST_MODIFIED",
        "type": "TIMESTAMP",
        "mode": "NULLABLE"
      },
      {
        "name": "MATCH_TYPE",
        "type": "STRING",
        "mode": "NULLABLE"
      },
      {
        "name": "MIN_BID",
        "type": "STRING",
        "mode": "NULLABLE"
      },
      {
        "name": "MOBILE_BID_ADJUSTMENT",
        "type": "STRING",
        "mode": "NULLABLE"
      },
      {
        "name": "MOBILE_EFFECTIVE_BID",
        "type": "STRING",
        "mode": "NULLABLE"
      },
      {
        "name": "MOBILE_URL",
        "type": "STRING",
        "mode": "NULLABLE"
      },
      {
        "name": "NETWORK",
        "type": "STRING",
        "mode": "NULLABLE"
      },
      {
        "name": "PROFILE_CURRENCY",
        "type": "STRING",
        "mode": "NULLABLE"
      },
      {
        "name": "PROFILE_ID",
        "type": "INTEGER",
        "mode": "NULLABLE"
      },
      {
        "name": "QUALITY_SCORE",
        "type": "STRING",
        "mode": "NULLABLE"
      },
      {
        "name": "STATUS",
        "type": "STRING",
        "mode": "NULLABLE"
      },
      {
        "name": "TRACKING_ID",
        "type": "STRING",
        "mode": "NULLABLE"
      },
      {
        "name": "TRACKING_TEMPLATE",
        "type": "STRING",
        "mode": "NULLABLE"
      },
      {
        "name": "UPGR_URL_IND",
        "type": "STRING",
        "mode": "NULLABLE"
      },
      {
        "name": "AVG_CPC",
        "type": "FLOAT",
        "mode": "NULLABLE"
      },
      {
        "name": "AVG_POS",
        "type": "INTEGER",
        "mode": "NULLABLE"
      },
      {
        "name": "CLICKS",
        "type": "INTEGER",
        "mode": "NULLABLE"
      },
      {
        "name": "CONV_RATE",
        "type": "FLOAT",
        "mode": "NULLABLE"
      },
      {
        "name": "CONVERSIONS_1",
        "type": "INTEGER",
        "mode": "NULLABLE"
      },
      {
        "name": "COST",
        "type": "FLOAT",
        "mode": "NULLABLE"
      },
      {
        "name": "COST_CONV",
        "type": "FLOAT",
        "mode": "NULLABLE"
      },
      {
        "name": "CTR",
        "type": "FLOAT",
        "mode": "NULLABLE"
      },
      {
        "name": "IMP_SHARE",
        "type": "FLOAT",
        "mode": "NULLABLE"
      },
      {
        "name": "IMPRESSIONS",
        "type": "INTEGER",
        "mode": "NULLABLE"
      },
      {
        "name": "LOST_IS_RANK",
        "type": "FLOAT",
        "mode": "NULLABLE"
      },
      {
        "name": "POTENTIAL_IMPRESSIONS",
        "type": "FLOAT",
        "mode": "NULLABLE"
      },
      {
        "name": "PROFIT",
        "type": "FLOAT",
        "mode": "NULLABLE"
      },
      {
        "name": "REV",
        "type": "FLOAT",
        "mode": "NULLABLE"
      },
      {
        "name": "REV_CONV",
        "type": "FLOAT",
        "mode": "NULLABLE"
      },
      {
        "name": "ROI",
        "type": "FLOAT",
        "mode": "NULLABLE"
      },
      {
        "name": "_1_DAY",
        "type": "INTEGER",
        "mode": "NULLABLE"
      },
      {
        "name": "_1_DAY_SAME_SKU",
        "type": "INTEGER",
        "mode": "NULLABLE"
      },
      {
        "name": "_14_DAYS",
        "type": "INTEGER",
        "mode": "NULLABLE"
      },
      {
        "name": "_14_DAYS_SAME_SKU",
        "type": "INTEGER",
        "mode": "NULLABLE"
      },
      {
        "name": "_7_DAYS",
        "type": "INTEGER",
        "mode": "NULLABLE"
      },
      {
        "name": "_7_DAYS_SAME_SKU",
        "type": "INTEGER",
        "mode": "NULLABLE"
      },
      {
        "name": "CONVERSIONS_2",
        "type": "FLOAT",
        "mode": "NULLABLE"
      },
      {
        "name": "PAGE_VIEWS_1",
        "type": "FLOAT",
        "mode": "NULLABLE"
      },
      {
        "name": "UC_CONV",
        "type": "FLOAT",
        "mode": "NULLABLE"
      },
      {
        "name": "_14_DAY",
        "type": "FLOAT",
        "mode": "NULLABLE"
      },
      {
        "name": "CONV",
        "type": "FLOAT",
        "mode": "NULLABLE"
      },
      {
        "name": "PAGE_VIEWS_2",
        "type": "FLOAT",
        "mode": "NULLABLE"
      },
      {
        "name": "AMS_AD_TYPE",
        "type": "STRING",
        "mode": "NULLABLE"
      },
      {
        "name": "AMS_BRAND_OR_NB",
        "type": "STRING",
        "mode": "NULLABLE"
      },
      {
        "name": "AMS_SUB_CATEGORY",
        "type": "STRING",
        "mode": "NULLABLE"
      },
      {
        "name": "AMS_TESTING",
        "type": "STRING",
        "mode": "NULLABLE"
      },
      {
        "name": "BCC_BN_TEST",
        "type": "STRING",
        "mode": "NULLABLE"
      },
      {
        "name": "BRAND_SEARCH_CAMPAIGN_TYPE",
        "type": "STRING",
        "mode": "NULLABLE"
      },
      {
        "name": "CLEAN_URL",
        "type": "STRING",
        "mode": "NULLABLE"
      },
      {
        "name": "FC_SUBCATEGORIES_FOR_PRICING",
        "type": "STRING",
        "mode": "NULLABLE"
      },
      {
        "name": "FLASH",
        "type": "STRING",
        "mode": "NULLABLE"
      },
      {
        "name": "INFO",
        "type": "STRING",
        "mode": "NULLABLE"
      },
      {
        "name": "KCS_AAP_BCC_TOTAL_DEVICE_TYPE",
        "type": "STRING",
        "mode": "NULLABLE"
      },
      {
        "name": "KCS_AAP_BCC_HUGGIES_DEVICE_TYPE",
        "type": "STRING",
        "mode": "NULLABLE"
      },
      {
        "name": "PORTFOLIO_SUBSETS",
        "type": "STRING",
        "mode": "NULLABLE"
      },
      {
        "name": "POST_UWSC",
        "type": "STRING",
        "mode": "NULLABLE"
      },
      {
        "name": "PRIME_PRIORITY",
        "type": "STRING",
        "mode": "NULLABLE"
      },
      {
        "name": "SECTOR",
        "type": "STRING",
        "mode": "NULLABLE"
      },
      {
        "name": "SEO_SEM_INTEGRATION",
        "type": "STRING",
        "mode": "NULLABLE"
      },
      {
        "name": "TYPE",
        "type": "STRING",
        "mode": "NULLABLE"
      },
      {
        "name": "FILE_NAME",
        "type": "STRING",
        "mode": "NULLABLE"
      },
      {
        "name": "LOAD_DATETIME",
        "type": "TIMESTAMP",
        "mode": "NULLABLE"
      }
]
