[
      {
        "name": "dt_created",
        "type": "TIMESTAMP",
        "mode": "NULLABLE"
      },
      {
        "name": "dt_updated",
        "type": "TIMESTAMP",
        "mode": "NULLABLE"
      },
      {
        "name": "dt_filename",
        "type": "STRING",
        "mode": "NULLABLE"
      },
      {
        "name": "campaign_name",
        "type": "STRING",
        "mode": "NULLABLE"
      },
      {
        "name": "campaign_id",
        "type": "INTEGER",
        "mode": "NULLABLE"
      },
      {
        "name": "advertiser",
        "type": "STRING",
        "mode": "NULLABLE"
      },
      {
        "name": "date",
        "type": "DATE",
        "mode": "NULLABLE"
      },
      {
        "name": "activity",
        "type": "STRING",
        "mode": "NULLABLE"
      },
      {
        "name": "campaign_end_date",
        "type": "DATE",
        "mode": "NULLABLE"
      },
      {
        "name": "advertiser_id",
        "type": "INTEGER",
        "mode": "NULLABLE"
      },
      {
        "name": "campaign_start_date",
        "type": "DATE",
        "mode": "NULLABLE"
      },
      {
        "name": "clicks",
        "type": "INTEGER",
        "mode": "NULLABLE"
      },
      {
        "name": "impressions",
        "type": "INTEGER",
        "mode": "NULLABLE"
      },
      {
        "name": "total_conversions",
        "type": "FLOAT",
        "mode": "NULLABLE"
      },
      {
        "name": "total_revenue",
        "type": "FLOAT",
        "mode": "NULLABLE"
      },
      {
        "name": "video_views",
        "type": "INTEGER",
        "mode": "NULLABLE"
      },
      {
        "name": "video_watch_100_percent",
        "type": "INTEGER",
        "mode": "NULLABLE"
      },
      {
        "name": "click_rate",
        "type": "FLOAT",
        "mode": "NULLABLE"
      },
      {
        "name": "video_watch_25_percent",
        "type": "INTEGER",
        "mode": "NULLABLE"
      },
      {
        "name": "video_plays",
        "type": "INTEGER",
        "mode": "NULLABLE"
      },
      {
        "name": "video_watch_75_percent",
        "type": "INTEGER",
        "mode": "NULLABLE"
      },
      {
        "name": "video_view_rate",
        "type": "FLOAT",
        "mode": "NULLABLE"
      },
      {
        "name": "media_cost",
        "type": "FLOAT",
        "mode": "NULLABLE"
      },
      {
        "name": "video_watch_50_percent",
        "type": "INTEGER",
        "mode": "NULLABLE"
      },
      {
        "name": "cost_per_activity",
        "type": "FLOAT",
        "mode": "NULLABLE"
      }
]
