[
      {
        "name": "ref_original",
        "type": "STRING"
      },
      {
        "name": "date_received",
        "type": "STRING"
      },
      {
        "name": "method_types_desc",
        "type": "STRING"
      },
      {
        "name": "transaction_types_description",
        "type": "STRING"
      },
      {
        "name": "product_level_1_description",
        "type": "STRING"
      },
      {
        "name": "product_level_2_description",
        "type": "STRING"
      },
      {
        "name": "product_level_3_description",
        "type": "STRING"
      },
      {
        "name": "subject_level_1_description",
        "type": "STRING"
      },
      {
        "name": "subject_level_2_description",
        "type": "STRING"
      },
      {
        "name": "subject_level_3_description",
        "type": "STRING"
      },
      {
        "name": "subject_description",
        "type": "STRING"
      },
      {
        "name": "verbatim",
        "type": "STRING"
      },
      {
        "name": "location_description",
        "type": "STRING"
      },
      {
        "name": "state",
        "type": "STRING"
      }
]
