[
  {
    "mode": "NULLABLE",
    "name": "REGION",
    "type": "STRING"
  },
  {
    "mode": "NULLABLE",
    "name": "COUNTRYCODE",
    "type": "STRING"
  },
  {
    "mode": "NULLABLE",
    "name": "DATE",
    "type": "DATE"
  },
  {
    "mode": "NULLABLE",
    "name": "ALL_NAMES",
    "type": "FLOAT"
  },
  {
    "mode": "NULLABLE",
    "name": "TOTAL_CONSUMERS",
    "type": "FLOAT"
  },
  {
    "mode": "NULLABLE",
    "name": "OPTED_IN",
    "type": "FLOAT"
  },
  {
    "mode": "NULLABLE",
    "name": "ACTIVE",
    "type": "FLOAT"
  },
  {
    "mode": "NULLABLE",
    "name": "TARGETS_KCNA_ACTIVE",
    "type": "INTEGER"
  },
  {
    "mode": "NULLABLE",
    "name": "TARGETS_GLOBAL_CONTACTABLE",
    "type": "INTEGER"
  },
  {
    "mode": "NULLABLE",
    "name": "ACTIVE_TARGET",
    "type": "INTEGER"
  },
  {
    "mode": "NULLABLE",
    "name": "ACTIVE_TARGET_YEAR",
    "type": "INTEGER"
  },
  {
    "mode": "NULLABLE",
    "name": "OPTED_IN_TARGET",
    "type": "INTEGER"
  },
  {
    "mode": "NULLABLE",
    "name": "OPTED_IN_TARGET_YEAR",
    "type": "INTEGER"
  },
  {
    "mode": "NULLABLE",
    "name": "ACTIVE_TARGET_YEAR_START",
    "type": "INTEGER"
  },
  {
    "mode": "NULLABLE",
    "name": "DATE_MAX",
    "type": "DATE"
  },
  {
    "mode": "NULLABLE",
    "name": "MONTH_PRCT",
    "type": "FLOAT"
  },
  {
    "mode": "NULLABLE",
    "name": "CC_ACTIVE_PERCENT",
    "type": "FLOAT"
  },
  {
    "mode": "NULLABLE",
    "name": "CC_OPT_IN_PERCENT",
    "type": "FLOAT"
  },
  {
    "mode": "NULLABLE",
    "name": "CURRENT_YEAR_ACTIVE",
    "type": "FLOAT"
  }
]
