[
  {
    "name": "TIMESTAMP",
    "type": "DATE"
  },
  {
    "name": "COUNTRYCODE",
    "type": "STRING"
  },
  {
    "name": "IS_CONTACTABLE",
    "type": "STRING"
  },
  {
    "name": "YEAR_ACQ_COUNT",
    "type": "INTEGER"
  },
  {
    "name": "QUARTER_ACQ_COUNT",
    "type": "INTEGER"
  },
  {
    "name": "MONTH_ACQ_COUNT",
    "type": "INTEGER"
  },
  {
    "name": "WEEK_ACQ_COUNT",
    "type": "INTEGER"
  },
  {
    "name": "SECTOR",
    "type": "STRING"
  },
  {
    "name": "REGION",
    "type": "STRING"
  },
  {
    "name": "BRAND",
    "type": "STRING"
  },
  {
    "name": "CountryCode_Desc",
    "type": "STRING"
  },
  {
    "name": "CC_JOURNEY_NAME",
    "type": "STRING"
  },
  {
    "name": "CC_JOURNEY_DETAIL",
    "type": "STRING"
  },
  {
    "name": "CC_JOURNEY_SUMMARY",
    "type": "STRING"
  },
  {
    "name": "CC_JOURNEY_POME_ACTIVEBABY",
    "type": "STRING"
  },
  {
    "name": "TOT_CONSUMER",
    "type": "INTEGER"
  },
  {
    "name": "NO_OF_CONSUMERS",
    "type": "INTEGER"
  },
  {
    "name": "CC_TOT_PREGNANT_9_TO_0",
    "type": "INTEGER"
  },
  {
    "name": "CC_TOT_NEW_BORN_0_TO_6",
    "type": "INTEGER"
  },
  {
    "name": "CC_TOT_ACTIVE_BABY_6_TO_36",
    "type": "INTEGER"
  },
  {
    "name": "CC_TOT_MORE_THAN_36",
    "type": "INTEGER"
  },
  {
    "name": "CC_YTD_CALC",
    "type": "INTEGER"
  },
  {
    "name": "TOT_CONSUMER_TILL_DATE",
    "type": "INTEGER"
  },
  {
    "name": "NO_OF_CONSUMERS_TILL_DATE",
    "type": "INTEGER"
  },
  {
    "name": "TOT_CONSUMER_YTD",
    "type": "INTEGER"
  },
  {
    "name": "NO_OF_CONSUMERS_YTD",
    "type": "INTEGER"
  },
  {
    "name": "TOT_CONSUMER_PREV_MONTH_DIFFERENCE",
    "type": "INTEGER"
  },
  {
    "name": "TOT_CONSUMER_3_MONTHS_BACK_DIFFERENCE",
    "type": "INTEGER"
  }
]
