[
  {
    "mode": "NULLABLE",
    "name": "TIMESTAMP",
    "type": "DATE"
  },
  {
    "mode": "NULLABLE",
    "name": "COUNTRYCODE",
    "type": "STRING"
  },
  {
    "mode": "NULLABLE",
    "name": "IS_CONTACTABLE",
    "type": "STRING"
  },
  {
    "mode": "NULLABLE",
    "name": "YEAR_ACQ_COUNT",
    "type": "INTEGER"
  },
  {
    "mode": "NULLABLE",
    "name": "QUARTER_ACQ_COUNT",
    "type": "INTEGER"
  },
  {
    "mode": "NULLABLE",
    "name": "MONTH_ACQ_COUNT",
    "type": "INTEGER"
  },
  {
    "mode": "NULLABLE",
    "name": "WEEK_ACQ_COUNT",
    "type": "INTEGER"
  },
  {
    "mode": "NULLABLE",
    "name": "SECTOR",
    "type": "STRING"
  },
  {
    "mode": "NULLABLE",
    "name": "REGION",
    "type": "STRING"
  },
  {
    "mode": "NULLABLE",
    "name": "BRAND",
    "type": "STRING"
  },
  {
    "mode": "NULLABLE",
    "name": "AGE_IN_MONTHS",
    "type": "INTEGER"
  },
  {
    "mode": "NULLABLE",
    "name": "COUNTRYCODE_DESC",
    "type": "STRING"
  },
  {
    "mode": "NULLABLE",
    "name": "CC_AGE_IN_YEAR",
    "type": "FLOAT"
  },
  {
    "mode": "NULLABLE",
    "name": "CC_CONTACTABLE",
    "type": "STRING"
  },
  {
    "mode": "NULLABLE",
    "name": "CC_Journey",
    "type": "STRING"
  },
  {
    "mode": "NULLABLE",
    "name": "CC_TOT_PREGNANT_9_TO_0",
    "type": "FLOAT"
  },
  {
    "mode": "NULLABLE",
    "name": "CC_TOT_NEW_BORN_0_TO_6",
    "type": "FLOAT"
  },
  {
    "mode": "NULLABLE",
    "name": "CC_TOT_ACTIVE_BABY_6_TO_36",
    "type": "FLOAT"
  },
  {
    "mode": "NULLABLE",
    "name": "CC_TOT_MORE_36",
    "type": "FLOAT"
  },
  {
    "mode": "NULLABLE",
    "name": "CC_TOT_MONTH_36_TO_39",
    "type": "FLOAT"
  },
  {
    "mode": "NULLABLE",
    "name": "CC_TOT_MONTH_39_TO_42",
    "type": "FLOAT"
  },
  {
    "mode": "NULLABLE",
    "name": "CC_TOT_MONTH_42_TO_45",
    "type": "FLOAT"
  },
  {
    "mode": "NULLABLE",
    "name": "CC_TOT_MONTH_45_TO_48",
    "type": "FLOAT"
  },
  {
    "mode": "NULLABLE",
    "name": "CC_TOT_MONTH_48_TO_51",
    "type": "FLOAT"
  },
  {
    "mode": "NULLABLE",
    "name": "CC_TOT_MONTH_51_TO_54",
    "type": "FLOAT"
  },
  {
    "mode": "NULLABLE",
    "name": "CC_TOT_MONTH_54_TO_57",
    "type": "FLOAT"
  },
  {
    "mode": "NULLABLE",
    "name": "CC_TOT_MONTH_57_TO_60",
    "type": "FLOAT"
  },
  {
    "mode": "NULLABLE",
    "name": "CC_TOT_YEAR_5_TO_6",
    "type": "FLOAT"
  },
  {
    "mode": "NULLABLE",
    "name": "CC_TOT_YEAR_6_TO_7",
    "type": "FLOAT"
  },
  {
    "mode": "NULLABLE",
    "name": "CC_TOT_YEAR_7_TO_8",
    "type": "FLOAT"
  },
  {
    "mode": "NULLABLE",
    "name": "CC_TOT_YEAR_8_TO_9",
    "type": "FLOAT"
  },
  {
    "mode": "NULLABLE",
    "name": "CC_TOT_YEAR_9_TO_10",
    "type": "FLOAT"
  },
  {
    "mode": "NULLABLE",
    "name": "CC_TOT_YEAR_10_TO_11",
    "type": "FLOAT"
  },
  {
    "mode": "NULLABLE",
    "name": "CC_TOT_YEAR_11_TO_12",
    "type": "FLOAT"
  },
  {
    "mode": "NULLABLE",
    "name": "CC_TOT_YEAR__1_TO_0",
    "type": "FLOAT"
  },
  {
    "mode": "NULLABLE",
    "name": "CC_TOT_YEAR_0_TO_1",
    "type": "FLOAT"
  },
  {
    "mode": "NULLABLE",
    "name": "CC_TOT_YEAR_1_TO_2",
    "type": "FLOAT"
  },
  {
    "mode": "NULLABLE",
    "name": "CC_TOT_YEAR_2_TO_3",
    "type": "FLOAT"
  },
  {
    "mode": "NULLABLE",
    "name": "CC_TOT_YEAR_3_TO_4",
    "type": "FLOAT"
  },
  {
    "mode": "NULLABLE",
    "name": "TOT_CONSUMER",
    "type": "FLOAT"
  },
  {
    "mode": "NULLABLE",
    "name": "NO_OF_CONSUMERS",
    "type": "FLOAT"
  }
]
