[
  {
    "mode": "NULLABLE",
    "name": "TIMESTAMP",
    "type": "DATE"
  },
  {
    "mode": "NULLABLE",
    "name": "COUNTRYCODE",
    "type": "STRING"
  },
  {
    "mode": "NULLABLE",
    "name": "IS_CONTACTABLE",
    "type": "STRING"
  },
  {
    "mode": "NULLABLE",
    "name": "CREATEUPDATE_DATETIME",
    "type": "STRING"
  },
  {
    "mode": "NULLABLE",
    "name": "BRAND",
    "type": "STRING"
  },
  {
    "mode": "NULLABLE",
    "name": "SECTOR",
    "type": "STRING"
  },
  {
    "mode": "NULLABLE",
    "name": "REGION",
    "type": "STRING"
  },
  {
    "mode": "NULLABLE",
    "name": "AGE_IN_MONTHS",
    "type": "INTEGER"
  },
  {
    "mode": "NULLABLE",
    "name": "CC_AGE_IN_YEAR",
    "type": "FLOAT"
  },
  {
    "mode": "NULLABLE",
    "name": "NO_OF_CONSUMERS_DB_HEALTH",
    "type": "FLOAT"
  },
  {
    "mode": "NULLABLE",
    "name": "ACTIVE_NO_OF_CONSUMERS_DB_HEALTH",
    "type": "FLOAT"
  },
  {
    "mode": "NULLABLE",
    "name": "TOT_CONSUMER_DB_HEALTH",
    "type": "FLOAT"
  },
  {
    "mode": "NULLABLE",
    "name": "TOT_NO_DOB",
    "type": "INTEGER"
  },
  {
    "mode": "NULLABLE",
    "name": "TOT_GENDER_M",
    "type": "FLOAT"
  },
  {
    "mode": "NULLABLE",
    "name": "TOT_GENDER_F",
    "type": "FLOAT"
  },
  {
    "mode": "NULLABLE",
    "name": "TOT_GENDER_U",
    "type": "FLOAT"
  },
  {
    "mode": "NULLABLE",
    "name": "TOT_DOB",
    "type": "FLOAT"
  },
  {
    "mode": "NULLABLE",
    "name": "TOT_GENDER",
    "type": "FLOAT"
  },
  {
    "mode": "NULLABLE",
    "name": "TOT_CHILD_NAME",
    "type": "INTEGER"
  },
  {
    "mode": "NULLABLE",
    "name": "TOT_MEMBER_FIRST_NAME",
    "type": "FLOAT"
  },
  {
    "mode": "NULLABLE",
    "name": "TOT_MEMBER_LAST_NAME",
    "type": "FLOAT"
  },
  {
    "mode": "NULLABLE",
    "name": "TOT_MEMBER_GENDER",
    "type": "FLOAT"
  },
  {
    "mode": "NULLABLE",
    "name": "TOT_POSTAL_CODE",
    "type": "FLOAT"
  },
  {
    "mode": "NULLABLE",
    "name": "TOT_STATE",
    "type": "FLOAT"
  },
  {
    "mode": "NULLABLE",
    "name": "TOT_CITY",
    "type": "FLOAT"
  },
  {
    "mode": "NULLABLE",
    "name": "TOT_MOBILE_PHONE",
    "type": "FLOAT"
  },
  {
    "mode": "NULLABLE",
    "name": "TOT_LANDLINE_PHONE",
    "type": "FLOAT"
  },
  {
    "mode": "NULLABLE",
    "name": "TOT_EMAIL",
    "type": "FLOAT"
  },
  {
    "mode": "NULLABLE",
    "name": "TOT_MEMBER_GENDER_M",
    "type": "FLOAT"
  },
  {
    "mode": "NULLABLE",
    "name": "TOT_MEMBER_GENDER_F",
    "type": "FLOAT"
  },
  {
    "mode": "NULLABLE",
    "name": "TOT_MEMBER_GENDER_U",
    "type": "FLOAT"
  },
  {
    "mode": "NULLABLE",
    "name": "TOT_CONSUMER_EMAILABLE",
    "type": "INTEGER"
  },
  {
    "mode": "NULLABLE",
    "name": "CC_NO_OF_CONSUMERS_NON_CUM",
    "type": "INTEGER"
  },
  {
    "mode": "NULLABLE",
    "name": "CC_TOT_CONSUMER_NON_CUM",
    "type": "INTEGER"
  },
  {
    "mode": "NULLABLE",
    "name": "CC_TOT_NO_DOB_NON_CUM",
    "type": "INTEGER"
  },
  {
    "mode": "NULLABLE",
    "name": "CC_TOT_GENDER_M_NON_CUM",
    "type": "INTEGER"
  },
  {
    "mode": "NULLABLE",
    "name": "CC_TOT_GENDER_F_NON_CUM",
    "type": "INTEGER"
  },
  {
    "mode": "NULLABLE",
    "name": "CC_TOT_GENDER_U_NON_CUM",
    "type": "INTEGER"
  },
  {
    "mode": "NULLABLE",
    "name": "CC_TOT_DOB_NON_CUM",
    "type": "INTEGER"
  },
  {
    "mode": "NULLABLE",
    "name": "CC_TOT_GENDER_NON_CUM",
    "type": "INTEGER"
  },
  {
    "mode": "NULLABLE",
    "name": "CC_TOT_CHILD_NAME_NON_CUM",
    "type": "INTEGER"
  },
  {
    "mode": "NULLABLE",
    "name": "CC_TOT_MEMBER_FIRST_NAME_NON_CUM",
    "type": "INTEGER"
  },
  {
    "mode": "NULLABLE",
    "name": "CC_TOT_MEMBER_LAST_NAME_NON_CUM",
    "type": "INTEGER"
  },
  {
    "mode": "NULLABLE",
    "name": "CC_TOT_MEMBER_GENDER_NON_CUM",
    "type": "INTEGER"
  },
  {
    "mode": "NULLABLE",
    "name": "CC_TOT_POSTAL_CODE_NON_CUM",
    "type": "INTEGER"
  },
  {
    "mode": "NULLABLE",
    "name": "CC_TOT_STATE_NON_CUM",
    "type": "INTEGER"
  },
  {
    "mode": "NULLABLE",
    "name": "CC_TOT_CITY_NON_CUM",
    "type": "INTEGER"
  },
  {
    "mode": "NULLABLE",
    "name": "CC_TOT_MOBILE_PHONE_NON_CUM",
    "type": "INTEGER"
  },
  {
    "mode": "NULLABLE",
    "name": "CC_TOT_LANDLINE_PHONE_NON_CUM",
    "type": "INTEGER"
  },
  {
    "mode": "NULLABLE",
    "name": "CC_TOT_EMAIL_NON_CUM",
    "type": "INTEGER"
  },
  {
    "mode": "NULLABLE",
    "name": "CC_TOT_MEMBER_GENDER_M_NON_CUM",
    "type": "INTEGER"
  },
  {
    "mode": "NULLABLE",
    "name": "CC_TOT_MEMBER_GENDER_F_NON_CUM",
    "type": "INTEGER"
  },
  {
    "mode": "NULLABLE",
    "name": "CC_TOT_MEMBER_GENDER_U_NON_CUM",
    "type": "INTEGER"
  },
  {
    "mode": "NULLABLE",
    "name": "COUNTRYCODE_DESC",
    "type": "STRING"
  },
  {
    "mode": "NULLABLE",
    "name": "YEAR",
    "type": "INTEGER"
  },
  {
    "mode": "NULLABLE",
    "name": "YEAR_PREV",
    "type": "INTEGER"
  },
  {
    "mode": "NULLABLE",
    "name": "MONTH",
    "type": "INTEGER"
  },
  {
    "mode": "NULLABLE",
    "name": "MONTH_PREV",
    "type": "INTEGER"
  },
  {
    "mode": "NULLABLE",
    "name": "ACTIVE_NO_OF_CONSUMERS",
    "type": "FLOAT"
  },
  {
    "mode": "NULLABLE",
    "name": "NO_OF_CONSUMERS_PREV",
    "type": "FLOAT"
  },
  {
    "mode": "NULLABLE",
    "name": "TOT_CONSUMER_PREV",
    "type": "FLOAT"
  },
  {
    "mode": "NULLABLE",
    "name": "TOT_NO_DOB_PREV",
    "type": "INTEGER"
  },
  {
    "mode": "NULLABLE",
    "name": "TOT_GENDER_M_PREV",
    "type": "FLOAT"
  },
  {
    "mode": "NULLABLE",
    "name": "TOT_GENDER_F_PREV",
    "type": "FLOAT"
  },
  {
    "mode": "NULLABLE",
    "name": "TOT_GENDER_U_PREV",
    "type": "FLOAT"
  },
  {
    "mode": "NULLABLE",
    "name": "TOT_DOB_PREV",
    "type": "FLOAT"
  },
  {
    "mode": "NULLABLE",
    "name": "TOT_GENDER_PREV",
    "type": "FLOAT"
  },
  {
    "mode": "NULLABLE",
    "name": "TOT_CHILD_NAME_PREV",
    "type": "INTEGER"
  },
  {
    "mode": "NULLABLE",
    "name": "TOT_MEMBER_FIRST_NAME_PREV",
    "type": "FLOAT"
  },
  {
    "mode": "NULLABLE",
    "name": "TOT_MEMBER_LAST_NAME_PREV",
    "type": "FLOAT"
  },
  {
    "mode": "NULLABLE",
    "name": "TOT_MEMBER_GENDER_PREV",
    "type": "FLOAT"
  },
  {
    "mode": "NULLABLE",
    "name": "TOT_POSTAL_CODE_PREV",
    "type": "FLOAT"
  },
  {
    "mode": "NULLABLE",
    "name": "TOT_STATE_PREV",
    "type": "FLOAT"
  },
  {
    "mode": "NULLABLE",
    "name": "TOT_CITY_PREV",
    "type": "FLOAT"
  },
  {
    "mode": "NULLABLE",
    "name": "TOT_MOBILE_PHONE_PREV",
    "type": "FLOAT"
  },
  {
    "mode": "NULLABLE",
    "name": "TOT_LANDLINE_PHONE_PREV",
    "type": "FLOAT"
  },
  {
    "mode": "NULLABLE",
    "name": "TOT_EMAIL_PREV",
    "type": "FLOAT"
  },
  {
    "mode": "NULLABLE",
    "name": "TOT_EMAIL_SUM",
    "type": "FLOAT"
  },
  {
    "mode": "NULLABLE",
    "name": "TOT_MEMBER_GENDER_M_PREV",
    "type": "FLOAT"
  },
  {
    "mode": "NULLABLE",
    "name": "TOT_MEMBER_GENDER_F_PREV",
    "type": "FLOAT"
  },
  {
    "mode": "NULLABLE",
    "name": "TOT_MEMBER_GENDER_U_PREV",
    "type": "FLOAT"
  },
  {
    "mode": "NULLABLE",
    "name": "CC_JOURNEY",
    "type": "STRING"
  },
  {
    "mode": "NULLABLE",
    "name": "CC_TOT_ACT_MONTH_36_TO_39",
    "type": "FLOAT"
  },
  {
    "mode": "NULLABLE",
    "name": "CC_TOT_ACT_MONTH_39_TO_42",
    "type": "FLOAT"
  },
  {
    "mode": "NULLABLE",
    "name": "CC_TOT_ACT_MONTH_42_TO_45",
    "type": "FLOAT"
  },
  {
    "mode": "NULLABLE",
    "name": "CC_TOT_ACT_MONTH_45_TO_48",
    "type": "FLOAT"
  },
  {
    "mode": "NULLABLE",
    "name": "CC_TOT_ACT_MONTH_48_TO_51",
    "type": "FLOAT"
  },
  {
    "mode": "NULLABLE",
    "name": "CC_TOT_ACT_MONTH_51_TO_54",
    "type": "FLOAT"
  },
  {
    "mode": "NULLABLE",
    "name": "CC_TOT_ACT_MONTH_54_TO_57",
    "type": "FLOAT"
  },
  {
    "mode": "NULLABLE",
    "name": "CC_TOT_ACT_MONTH_57_TO_60",
    "type": "FLOAT"
  },
  {
    "mode": "NULLABLE",
    "name": "CC_TOT_ACT_YEAR_5_TO_6",
    "type": "FLOAT"
  },
  {
    "mode": "NULLABLE",
    "name": "CC_TOT_ACT_YEAR_6_TO_7",
    "type": "FLOAT"
  },
  {
    "mode": "NULLABLE",
    "name": "CC_TOT_ACT_YEAR_7_TO_8",
    "type": "FLOAT"
  },
  {
    "mode": "NULLABLE",
    "name": "CC_TOT_ACT_YEAR_8_TO_9",
    "type": "FLOAT"
  },
  {
    "mode": "NULLABLE",
    "name": "CC_TOT_ACT_YEAR_9_TO_10",
    "type": "FLOAT"
  },
  {
    "mode": "NULLABLE",
    "name": "CC_TOT_ACT_YEAR_10_TO_11",
    "type": "FLOAT"
  },
  {
    "mode": "NULLABLE",
    "name": "CC_TOT_ACT_YEAR_11_TO_12",
    "type": "FLOAT"
  },
  {
    "mode": "NULLABLE",
    "name": "CC_TOT_ACTIVE_BABY_6_TO_36_DB_HEALTH",
    "type": "FLOAT"
  },
  {
    "mode": "NULLABLE",
    "name": "CC_TOT_MONTH_36_TO_39",
    "type": "FLOAT"
  },
  {
    "mode": "NULLABLE",
    "name": "CC_TOT_MONTH_39_TO_42",
    "type": "FLOAT"
  },
  {
    "mode": "NULLABLE",
    "name": "CC_TOT_MONTH_42_TO_45",
    "type": "FLOAT"
  },
  {
    "mode": "NULLABLE",
    "name": "CC_TOT_MONTH_45_TO_48",
    "type": "FLOAT"
  },
  {
    "mode": "NULLABLE",
    "name": "CC_TOT_MONTH_48_TO_51",
    "type": "FLOAT"
  },
  {
    "mode": "NULLABLE",
    "name": "CC_TOT_MONTH_51_TO_54",
    "type": "FLOAT"
  },
  {
    "mode": "NULLABLE",
    "name": "CC_TOT_MONTH_54_TO_57",
    "type": "FLOAT"
  },
  {
    "mode": "NULLABLE",
    "name": "CC_TOT_MONTH_57_TO_60",
    "type": "FLOAT"
  },
  {
    "mode": "NULLABLE",
    "name": "CC_TOT_NEW_BORN_0_TO_6_DB_HEALTH",
    "type": "FLOAT"
  },
  {
    "mode": "NULLABLE",
    "name": "CC_TOT_YEAR_5_TO_6",
    "type": "FLOAT"
  },
  {
    "mode": "NULLABLE",
    "name": "CC_TOT_YEAR_6_TO_7",
    "type": "FLOAT"
  },
  {
    "mode": "NULLABLE",
    "name": "CC_TOT_YEAR_7_TO_8",
    "type": "FLOAT"
  },
  {
    "mode": "NULLABLE",
    "name": "CC_TOT_YEAR_8_TO_9",
    "type": "FLOAT"
  },
  {
    "mode": "NULLABLE",
    "name": "CC_TOT_YEAR_9_TO_10",
    "type": "FLOAT"
  },
  {
    "mode": "NULLABLE",
    "name": "CC_TOT_YEAR_10_TO_11",
    "type": "FLOAT"
  },
  {
    "mode": "NULLABLE",
    "name": "CC_TOT_YEAR_11_TO_12",
    "type": "FLOAT"
  },
  {
    "mode": "NULLABLE",
    "name": "CC_TOT_YEAR__1_TO_0",
    "type": "FLOAT"
  },
  {
    "mode": "NULLABLE",
    "name": "CC_TOT_YEAR_0_TO_1",
    "type": "FLOAT"
  },
  {
    "mode": "NULLABLE",
    "name": "CC_TOT_YEAR_1_TO_2",
    "type": "FLOAT"
  },
  {
    "mode": "NULLABLE",
    "name": "CC_TOT_YEAR_2_TO_3",
    "type": "FLOAT"
  },
  {
    "mode": "NULLABLE",
    "name": "CC_TOT_YEAR_3_TO_4",
    "type": "FLOAT"
  },
  {
    "mode": "NULLABLE",
    "name": "CC_TOT_PREGNTANT_9_TO_0_DB_HEALTH",
    "type": "INTEGER"
  },
  {
    "mode": "NULLABLE",
    "name": "TOT_COUNT",
    "type": "FLOAT"
  },
  {
    "mode": "NULLABLE",
    "name": "MKT_SUBEVENT",
    "type": "STRING"
  },
  {
    "mode": "NULLABLE",
    "name": "MKT_EVENT",
    "type": "STRING"
  },
  {
    "mode": "NULLABLE",
    "name": "DATASOURCE_TYPE",
    "type": "STRING"
  },
  {
    "mode": "NULLABLE",
    "name": "DATASOURCE",
    "type": "STRING"
  },
  {
    "mode": "NULLABLE",
    "name": "SOURCE_BRAND",
    "type": "STRING"
  },
  {
    "mode": "NULLABLE",
    "name": "DT_STAMP_SFMC",
    "type": "INTEGER"
  },
  {
    "mode": "NULLABLE",
    "name": "APPLICATION_SOURCETYPE",
    "type": "INTEGER"
  },
  {
    "mode": "NULLABLE",
    "name": "CC_TOT_PREGNANT_9_TO_0",
    "type": "FLOAT"
  },
  {
    "mode": "NULLABLE",
    "name": "CC_TOT_NEW_BORN_0_TO_6",
    "type": "FLOAT"
  },
  {
    "mode": "NULLABLE",
    "name": "CC_TOT_ACTIVE_BABY_6_TO_36",
    "type": "FLOAT"
  },
  {
    "mode": "NULLABLE",
    "name": "CC_TOT_MORE_36",
    "type": "FLOAT"
  },
  {
    "mode": "NULLABLE",
    "name": "TOT_CONSUMER_ACQ_COUNT",
    "type": "FLOAT"
  },
  {
    "mode": "NULLABLE",
    "name": "NO_OF_CONSUMERS_ACQ_COUNTS",
    "type": "FLOAT"
  },
  {
    "mode": "NULLABLE",
    "name": "NO_OF_CONSUMERS_UNIQUE",
    "type": "FLOAT"
  },
  {
    "mode": "NULLABLE",
    "name": "TOT_CONSUMER_UNIQUE",
    "type": "FLOAT"
  },
  {
    "mode": "NULLABLE",
    "name": "CREATED_DATE",
    "type": "INTEGER"
  },
  {
    "mode": "NULLABLE",
    "name": "ALAND_CALC",
    "type": "INTEGER"
  },
  {
    "mode": "NULLABLE",
    "name": "ALAND",
    "type": "INTEGER"
  },
  {
    "mode": "NULLABLE",
    "name": "CC_CONSTANT",
    "type": "STRING"
  }
]
