[
  {
    "name": "TIMESTAMP",
    "type": "DATE"
  },
  {
    "name": "COUNTRYCODE",
    "type": "STRING"
  },
  {
    "name": "COUNTRYCODE_DESC",
    "type": "STRING"
  },
  {
    "name": "IS_CONTACTABLE",
    "type": "STRING"
  },
  {
    "name": "CREATEUPDATE_DATETIME",
    "type": "TIMESTAMP"
  },
  {
    "name": "REGION",
    "type": "STRING"
  },
  {
    "name": "TOT_CONSUMER",
    "type": "INTEGER"
  },
  {
    "name": "TOT_NO_DOB",
    "type": "INTEGER"
  },
  {
    "name": "TOT_DOB",
    "type": "INTEGER"
  },
  {
    "name": "TOT_GENDER",
    "type": "INTEGER"
  },
  {
    "name": "TOT_CHILD_NAME",
    "type": "INTEGER"
  },
  {
    "name": "TOT_MEMBER_FIRST_NAME",
    "type": "INTEGER"
  },
  {
    "name": "TOT_MEMBER_LAST_NAME",
    "type": "INTEGER"
  },
  {
    "name": "TOT_MEMBER_GENDER",
    "type": "INTEGER"
  },
  {
    "name": "TOT_POSTAL_CODE",
    "type": "INTEGER"
  },
  {
    "name": "TOT_STATE",
    "type": "INTEGER"
  },
  {
    "name": "TOT_CITY",
    "type": "INTEGER"
  },
  {
    "name": "TOT_MOBILE_PHONE",
    "type": "INTEGER"
  },
  {
    "name": "TOT_LANDLINE_PHONE",
    "type": "INTEGER"
  },
  {
    "name": "TOT_EMAIL",
    "type": "INTEGER"
  },
  {
    "name": "TOT_MEMBER_GENDER_M",
    "type": "INTEGER"
  },
  {
    "name": "TOT_MEMBER_GENDER_F",
    "type": "INTEGER"
  },
  {
    "name": "TOT_MEMBER_GENDER_U",
    "type": "INTEGER"
  },
  {
    "name": "NO_OF_CONSUMERS",
    "type": "INTEGER"
  },
  {
    "name": "TOT_CONSUMER_EMAILABLE",
    "type": "INTEGER"
  },
  {
    "name": "CC_MONTH",
    "type": "INTEGER"
  },
  {
    "name": "CC_YEAR",
    "type": "INTEGER"
  },
  {
    "name": "TOT_CONSUMER_NON_CUM",
    "type": "INTEGER"
  },
  {
    "name": "TOT_NO_DOB_NON_CUM",
    "type": "INTEGER"
  },
  {
    "name": "TOT_DOB_NON_CUM",
    "type": "INTEGER"
  },
  {
    "name": "TOT_GENDER_NON_CUM",
    "type": "INTEGER"
  },
  {
    "name": "TOT_CHILD_NAME_NON_CUM",
    "type": "INTEGER"
  },
  {
    "name": "TOT_MEMBER_FIRST_NAME_NON_CUM",
    "type": "INTEGER"
  },
  {
    "name": "TOT_MEMBER_LAST_NAME_NON_CUM",
    "type": "INTEGER"
  },
  {
    "name": "TOT_MEMBER_GENDER_NON_CUM",
    "type": "INTEGER"
  },
  {
    "name": "TOT_POSTAL_CODE_NON_CUM",
    "type": "INTEGER"
  },
  {
    "name": "TOT_STATE_NON_CUM",
    "type": "INTEGER"
  },
  {
    "name": "TOT_CITY_NON_CUM",
    "type": "INTEGER"
  },
  {
    "name": "TOT_MOBILE_PHONE_NON_CUM",
    "type": "INTEGER"
  },
  {
    "name": "TOT_LANDLINE_PHONE_NON_CUM",
    "type": "INTEGER"
  },
  {
    "name": "TOT_EMAIL_NON_CUM",
    "type": "INTEGER"
  },
  {
    "name": "TOT_MEMBER_GENDER_M_NON_CUM",
    "type": "INTEGER"
  },
  {
    "name": "TOT_MEMBER_GENDER_F_NON_CUM",
    "type": "INTEGER"
  },
  {
    "name": "TOT_MEMBER_GENDER_U_NON_CUM",
    "type": "INTEGER"
  },
  {
    "name": "YOY_GROWTH_RATE",
    "type": "FLOAT"
  },
  {
    "name": "YTD_GROWTH_RATE",
    "type": "FLOAT"
  },
  {
    "name": "TOT_CONSUMER_DEC_PREV_YEAR",
    "type": "INTEGER"
  },
  {
    "name": "TOT_CONSUMER_PREV_YEAR",
    "type": "INTEGER"
  }
]
