[
  {
    "mode": "NULLABLE",
    "name": "TIMESTAMP",
    "type": "DATE"
  },
  {
    "mode": "NULLABLE",
    "name": "COUNTRYCODE",
    "type": "STRING"
  },
  {
    "mode": "NULLABLE",
    "name": "ISCONTACTABLE",
    "type": "STRING"
  },
  {
    "mode": "NULLABLE",
    "name": "BRAND",
    "type": "STRING"
  },
  {
    "mode": "NULLABLE",
    "name": "SECTOR",
    "type": "STRING"
  },
  {
    "mode": "NULLABLE",
    "name": "REGION",
    "type": "STRING"
  },
  {
    "mode": "NULLABLE",
    "name": "NO_OF_CONSUMERS",
    "type": "FLOAT"
  },
  {
    "mode": "NULLABLE",
    "name": "TOT_CONSUMER",
    "type": "FLOAT"
  },
  {
    "mode": "NULLABLE",
    "name": "ACTIVE_NO_OF_CONSUMERS",
    "type": "FLOAT"
  },
  {
    "mode": "NULLABLE",
    "name": "UNENGAGED_CONSUMERS",
    "type": "FLOAT"
  },
  {
    "mode": "NULLABLE",
    "name": "IS_CONTACTABLE",
    "type": "STRING"
  },
  {
    "mode": "NULLABLE",
    "name": "COUNTRYCODE_DESC",
    "type": "STRING"
  },
  {
    "mode": "NULLABLE",
    "name": "MONTH",
    "type": "INTEGER"
  },
  {
    "mode": "NULLABLE",
    "name": "YEAR",
    "type": "INTEGER"
  },
  {
    "mode": "NULLABLE",
    "name": "TOT_CONSUMER_PREV",
    "type": "FLOAT"
  },
  {
    "mode": "NULLABLE",
    "name": "NO_OF_CONSUMERS_PREV",
    "type": "FLOAT"
  },
  {
    "mode": "NULLABLE",
    "name": "YOY_GROWTH_RATE",
    "type": "FLOAT"
  },
  {
    "mode": "NULLABLE",
    "name": "YTD_GROWTH_RATE",
    "type": "FLOAT"
  },
  {
    "mode": "NULLABLE",
    "name": "TOT_CONSUMER_DEC_PREV_YEAR",
    "type": "FLOAT"
  },
  {
    "mode": "NULLABLE",
    "name": "TOT_CONSUMER_PREV_YEAR",
    "type": "FLOAT"
  },
  {
    "mode": "NULLABLE",
    "name": "TOT_CONSUMER_NON_CUM",
    "type": "FLOAT"
  },
  {
    "mode": "NULLABLE",
    "name": "TOT_CONSUMER_AGG_WIC",
    "type": "FLOAT"
  },
  {
    "mode": "NULLABLE",
    "name": "ACTIVE_NO_OF_CONSUMERS_AGG_WIC",
    "type": "FLOAT"
  },
  {
    "mode": "NULLABLE",
    "name": "ACTIVE_NO_OF_CONSUMERS_BASE",
    "type": "FLOAT"
  },
  {
    "mode": "NULLABLE",
    "name": "TOT_CONSUMER_BASE",
    "type": "FLOAT"
  },
  {
    "mode": "NULLABLE",
    "name": "MONTH_PREV",
    "type": "INTEGER"
  },
  {
    "mode": "NULLABLE",
    "name": "MONTH_PREV_YEAR",
    "type": "INTEGER"
  },
  {
    "mode": "NULLABLE",
    "name": "YEAR_PREV",
    "type": "INTEGER"
  },
  {
    "mode": "NULLABLE",
    "name": "YEAR_PREV_YEAR",
    "type": "INTEGER"
  }
]
