[
  {
    "mode": "NULLABLE",
    "name": "TOT_CONSUMER",
    "type": "INTEGER"
  },
  {
    "mode": "NULLABLE",
    "name": "SENDS",
    "type": "INTEGER"
  },
  {
    "mode": "NULLABLE",
    "name": "REGION",
    "type": "STRING"
  },
  {
    "mode": "NULLABLE",
    "name": "YEARMONTH",
    "type": "STRING"
  },
  {
    "mode": "NULLABLE",
    "name": "COUNTRYCODEDESC",
    "type": "STRING"
  },
  {
    "mode": "NULLABLE",
    "name": "COUNTRYCODE",
    "type": "STRING"
  },
  {
    "mode": "NULLABLE",
    "name": "UTILIZATION",
    "type": "FLOAT"
  }
]
