[
  {
    "name": "TIMESTAMP",
    "type": "DATE"
  },
  {
    "name": "COUNTRYCODE",
    "type": "STRING"
  },
  {
    "name": "REGION",
    "type": "STRING"
  },
  {
    "name": "SECTOR",
    "type": "STRING"
  },
  {
    "name": "BRAND",
    "type": "STRING"
  },
  {
    "name": "IS_CONTACTABLE",
    "type": "STRING"
  },
  {
    "name": "CC_JOURNEY_NAME",
    "type": "STRING"
  },
  {
    "name": "CC_JOURNEY_SUMMARY",
    "type": "STRING"
  },
  {
    "name": "CC_JOURNEY_DETAIL",
    "type": "STRING"
  },
  {
    "name": "CC_JOURNEY_POME_ACTIVEBABY",
    "type": "STRING"
  },
  {
    "name": "YEAR",
    "type": "INTEGER"
  },
  {
    "name": "MONTH",
    "type": "INTEGER"
  },
  {
    "name": "COUNTRYCODE_DESC",
    "type": "STRING"
  },
  {
    "name": "TOT_CONS_CHECK",
    "type": "STRING"
  },
  {
    "name": "TOT_CONSUMER",
    "type": "INTEGER"
  },
  {
    "name": "TOT_CONSUMER_YTD",
    "type": "INTEGER"
  },
  {
    "name": "YOY_GROWTH_RATE",
    "type": "FLOAT"
  },
  {
    "name": "YTD_GROWTH_RATE",
    "type": "FLOAT"
  },
  {
    "name": "TOT_CONSUMER_DBH",
    "type": "INTEGER"
  },
  {
    "name": "TOT_CONSUMER_DBH_PREV_YR",
    "type": "INTEGER"
  },
  {
    "name": "TOT_CONSUMER_DBH_DEC_PREV_YR",
    "type": "INTEGER"
  },
  {
    "name": "TOT_CONSUMER_DBH_PREV_MON",
    "type": "INTEGER"
  },
  {
    "name": "TOT_CONSUMER_DBH_GROWTH",
    "type": "FLOAT"
  }
]
