[
  {
    "mode": "NULLABLE",
    "name": "REGION",
    "type": "STRING"
  },
  {
    "mode": "NULLABLE",
    "name": "COUNTRYCODEDESC",
    "type": "STRING"
  },
  {
    "mode": "NULLABLE",
    "name": "YEAR",
    "type": "INTEGER"
  },
  {
    "mode": "NULLABLE",
    "name": "MONTH",
    "type": "INTEGER"
  },
  {
    "mode": "NULLABLE",
    "name": "CATEGORY",
    "type": "STRING"
  },
  {
    "mode": "NULLABLE",
    "name": "NO_OF_BABIES_FORECAST",
    "type": "INTEGER"
  },
  {
    "mode": "NULLABLE",
    "name": "NO_OF_BABIES_ACTUAL",
    "type": "INTEGER"
  }
]
