[
  {
    "mode": "NULLABLE",
    "name": "REGION",
    "type": "STRING"
  },
  {
    "mode": "NULLABLE",
    "name": "COUNTRY_CODE",
    "type": "STRING"
  },
  {
    "mode": "NULLABLE",
    "name": "DATE",
    "type": "DATE"
  },
  {
    "mode": "NULLABLE",
    "name": "IN_AGE_CONSUMERS",
    "type": "FLOAT"
  },
  {
    "mode": "NULLABLE",
    "name": "CATEGORY_PURCHASE_CONSUMERS",
    "type": "FLOAT"
  },
  {
    "mode": "NULLABLE",
    "name": "PRE_CATEGORY_PURCHASE_CONSUMERS",
    "type": "FLOAT"
  },
  {
    "mode": "NULLABLE",
    "name": "OTHER_CONSUMERS",
    "type": "FLOAT"
  },
  {
    "mode": "NULLABLE",
    "name": "COUNTRY_DESC",
    "type": "STRING"
  }
]
