[
  {
    "mode": "NULLABLE",
    "name": "TOT_CONSUMER",
    "type": "INTEGER"
  },
  {
    "mode": "NULLABLE",
    "name": "Sends_rolling_12_months",
    "type": "INTEGER"
  },
  {
    "mode": "NULLABLE",
    "name": "Sends",
    "type": "INTEGER"
  },
  {
    "mode": "NULLABLE",
    "name": "Countrycode",
    "type": "STRING"
  },
  {
    "mode": "NULLABLE",
    "name": "Region",
    "type": "STRING"
  },
  {
    "mode": "NULLABLE",
    "name": "COUNTRYCODE_DESC",
    "type": "STRING"
  },
  {
    "mode": "NULLABLE",
    "name": "Utilization",
    "type": "FLOAT"
  },
  {
    "mode": "NULLABLE",
    "name": "Utilization_rolling_12_months",
    "type": "FLOAT"
  }
]
