[
      {
        "name": "BRAND",
        "type": "STRING"
      },
      {
        "name": "SECTOR",
        "type": "STRING"
      },
      {
        "name": "REGION",
        "type": "STRING"
      },
      {
        "name": "TIMESTAMP",
        "type": "DATE"
      },
      {
        "name": "COUNTRYCODE",
        "type": "STRING"
      },
      {
        "name": "LANGUAGE",
        "type": "STRING"
      },
      {
        "name": "DEVICE_CATEGORY",
        "type": "STRING"
      },
      {
        "name": "SESSIONS",
        "type": "INTEGER"
      },
      {
        "name": "USERS",
        "type": "INTEGER"
      },
      {
        "name": "SESSIONDURATION",
        "type": "FLOAT"
      },
      {
        "name": "NEWUSERS",
        "type": "INTEGER"
      },
      {
        "name": "SESSION_PERUSER",
        "type": "FLOAT"
      },
      {
        "name": "BOUNCES",
        "type": "INTEGER"
      },
      {
        "name": "AVG_SESSION_DURATION",
        "type": "FLOAT"
      },
      {
        "name": "SIGN_UP",
        "type": "INTEGER"
      },
      {
        "name": "SIGN_UP_SOCIAL",
        "type": "INTEGER",
        "mode": "NULLABLE"
      },
      {
        "name": "SIGN_UP_STANDARD",
        "type": "INTEGER",
        "mode": "NULLABLE"
      }
]
