[
      {
        "name": "Region",
        "type": "STRING",
        "mode": "NULLABLE"
      },
      {
        "name": "Country",
        "type": "STRING",
        "mode": "NULLABLE"
      },
      {
        "name": "Brand",
        "type": "STRING",
        "mode": "NULLABLE"
      },
      {
        "name": "Sector",
        "type": "STRING",
        "mode": "NULLABLE"
      },
      {
        "name": "Source_Type",
        "type": "STRING",
        "mode": "NULLABLE"
      },
      {
        "name": "Ad_Network_Type",
        "type": "STRING",
        "mode": "NULLABLE"
      },
  {
	"name": "Campaign",
    "type": "RECORD",
    "fields": [
      {
        "name": "Brand_Plan",
        "type": "STRING",
        "mode": "NULLABLE"
      },
      {
        "name": "Campaign_Advertiser",
        "type": "STRING",
        "mode": "NULLABLE"
      },
      {
        "name": "Campaign_Advertiser_ID",
        "type": "STRING",
        "mode": "NULLABLE"
      },
      {
        "name": "Campaign_Billing_Code",
        "type": "STRING",
        "mode": "NULLABLE"
      },
      {
        "name": "Campaign_Budget",
        "type": "STRING",
        "mode": "NULLABLE"
      },
      {
        "name": "Campaign_Buy_Type",
        "type": "STRING",
        "mode": "NULLABLE"
      },
      {
        "name": "Campaign_End_Date",
        "type": "DATE",
        "mode": "NULLABLE"
      },
      {
        "name": "Campaign_Key",
        "type": "STRING",
        "mode": "NULLABLE"
      },
      {
        "name": "Campaign_Name",
        "type": "STRING",
        "mode": "NULLABLE"
      },
      {
        "name": "Campaign_Start_Date",
        "type": "DATE",
        "mode": "NULLABLE"
      },
      {
        "name": "Campaign_Status",
        "type": "STRING",
        "mode": "NULLABLE"
      },
      {
        "name": "Channel_Plan",
        "type": "STRING",
        "mode": "NULLABLE"
      },
      {
        "name": "Publisher_Plan",
        "type": "STRING",
        "mode": "NULLABLE"
      }  
	  ]
    },
  {
	"name": "Channel",
    "type": "RECORD",
    "fields": [	
      {
        "name": "Channel",
        "type": "STRING",
        "mode": "NULLABLE"
      },
      {
        "name": "Channel_Category",
        "type": "STRING",
        "mode": "NULLABLE"
      },
      {
        "name": "Channel_Level_1",
        "type": "STRING",
        "mode": "NULLABLE"
      },
      {
        "name": "Channel_Level_2",
        "type": "STRING",
        "mode": "NULLABLE"
      },
      {
        "name": "Channel_Level_3",
        "type": "STRING",
        "mode": "NULLABLE"
      },
      {
        "name": "Channel_Level_4",
        "type": "STRING",
        "mode": "NULLABLE"
      }
	  ]
	},
  {
	"name": "Conversion_Tag",
    "type": "RECORD",
    "fields": [	
      {
        "name": "Conversion_Tag_Category",
        "type": "STRING",
        "mode": "NULLABLE"
      },
      {
        "name": "Conversion_Tag_Key",
        "type": "STRING",
        "mode": "NULLABLE"
      },
      {
        "name": "Conversion_Tag_Name",
        "type": "STRING",
        "mode": "NULLABLE"
      }
	  ]
	},
  {
	"name": "Creative",
    "type": "RECORD",
    "fields": [	
      {
        "name": "Creative_Ad_Group",
        "type": "STRING",
        "mode": "NULLABLE"
      },
      {
        "name": "Creative_Category",
        "type": "STRING",
        "mode": "NULLABLE"
      },
      {
        "name": "Creative_Click_URL",
        "type": "STRING",
        "mode": "NULLABLE"
      },
      {
        "name": "Creative_Concept",
        "type": "STRING",
        "mode": "NULLABLE"
      },
      {
        "name": "Creative_Format",
        "type": "STRING",
        "mode": "NULLABLE"
      },
      {
        "name": "Creative_Image",
        "type": "STRING",
        "mode": "NULLABLE"
      },
      {
        "name": "Creative_Key",
        "type": "STRING",
        "mode": "NULLABLE"
      },
      {
        "name": "Creative_Name",
        "type": "STRING",
        "mode": "NULLABLE"
      },
      {
        "name": "Creative_Title_Name",
        "type": "STRING",
        "mode": "NULLABLE"
      }
	  ]
	},
  {
	"name": "Date",
    "type": "RECORD",
    "fields": [	
      {
        "name": "Bi_Week",
        "type": "STRING",
        "mode": "NULLABLE"
      },
      {
        "name": "Day",
        "type": "DATE",
        "mode": "NULLABLE"
      },
      {
        "name": "Hour",
        "type": "STRING",
        "mode": "NULLABLE"
      },
      {
        "name": "Hour_Of_Day",
        "type": "STRING",
        "mode": "NULLABLE"
      },
      {
        "name": "Month",
        "type": "STRING",
        "mode": "NULLABLE"
      },
      {
        "name": "Month_of_Year",
        "type": "STRING",
        "mode": "NULLABLE"
      },
      {
        "name": "Quarter",
        "type": "STRING",
        "mode": "NULLABLE"
      },
      {
        "name": "Quarter_of_Year",
        "type": "STRING",
        "mode": "NULLABLE"
      },
      {
        "name": "Update_Date",
        "type": "STRING",
        "mode": "NULLABLE"
      },
      {
        "name": "Update_Time",
        "type": "STRING",
        "mode": "NULLABLE"
      },
      {
        "name": "Week",
        "type": "STRING",
        "mode": "NULLABLE"
      },
      {
        "name": "Week_of_Year",
        "type": "STRING",
        "mode": "NULLABLE"
      },
      {
        "name": "Weekday",
        "type": "STRING",
        "mode": "NULLABLE"
      },
      {
        "name": "Year",
        "type": "STRING",
        "mode": "NULLABLE"
      }
	  ]
	},
  {
	"name": "Devices",
    "type": "RECORD",
    "fields": [	
      {
        "name": "Device_Browser",
        "type": "STRING",
        "mode": "NULLABLE"
      },
      {
        "name": "Device_Category",
        "type": "STRING",
        "mode": "NULLABLE"
      }
	  ]
	},
  {
	"name": "Exchange",
    "type": "RECORD",
    "fields": [	
      {
        "name": "Exchange_Key",
        "type": "STRING",
        "mode": "NULLABLE"
      },
      {
        "name": "Exchange_Name",
        "type": "STRING",
        "mode": "NULLABLE"
      }
	  ]
	},
  {
	"name": "File_Date_Main_Entity",
    "type": "RECORD",
    "fields": [	
      {
        "name": "Main_File_Date_Entity_Key",
        "type": "STRING",
        "mode": "NULLABLE"
      },
      {
        "name": "Main_File_Date_Entity_Name",
        "type": "STRING",
        "mode": "NULLABLE"
      }
	  ]
	},
  {
	"name": "Media_Buy",
    "type": "RECORD",
    "fields": [	
      {
        "name": "Media_Buy_Asset",
        "type": "STRING",
        "mode": "NULLABLE"
      },
      {
        "name": "Media_Buy_Publisher",
        "type": "STRING",
        "mode": "NULLABLE"
      },
      {
        "name": "Media_Buy_Buying_Model",
        "type": "STRING",
        "mode": "NULLABLE"
      },
      {
        "name": "Media_Buy_Category",
        "type": "STRING",
        "mode": "NULLABLE"
      },
      {
        "name": "Media_Buy_Cost_Model",
        "type": "STRING",
        "mode": "NULLABLE"
      },
      {
        "name": "Media_Buy_End_Date",
        "type": "DATE",
        "mode": "NULLABLE"
      },
      {
        "name": "Media_Buy_Format",
        "type": "STRING",
        "mode": "NULLABLE"
      },
      {
        "name": "Media_Buy_Key",
        "type": "STRING",
        "mode": "NULLABLE"
      },
      {
        "name": "Media_Buy_Name",
        "type": "STRING",
        "mode": "NULLABLE"
      },
      {
        "name": "Media_Buy_Size",
        "type": "STRING",
        "mode": "NULLABLE"
      },
      {
        "name": "Media_Buy_Start_Date",
        "type": "DATE",
        "mode": "NULLABLE"
      },
      {
        "name": "Media_Buy_Targeting_Age",
        "type": "STRING",
        "mode": "NULLABLE"
      },
      {
        "name": "Media_Buy_Targeting_Audience",
        "type": "STRING",
        "mode": "NULLABLE"
      },
      {
        "name": "Media_Buy_Targeting_Device",
        "type": "STRING",
        "mode": "NULLABLE"
      },
      {
        "name": "Media_Buy_Targeting_Gender",
        "type": "STRING",
        "mode": "NULLABLE"
      },
      {
        "name": "Media_Buy_Targeting_Language",
        "type": "STRING",
        "mode": "NULLABLE"
      },
      {
        "name": "Media_Buy_Targeting_Location",
        "type": "STRING",
        "mode": "NULLABLE"
      },
      {
        "name": "Media_Buy_Type",
        "type": "STRING",
        "mode": "NULLABLE"
      },
      {
        "name": "Media_Buy_Unit_Cost",
        "type": "INTEGER",
        "mode": "NULLABLE"
      },
      {
        "name": "Status",
        "type": "STRING",
        "mode": "NULLABLE"
      }
	]  
	},
  {
	"name": "Search_Keyword",
    "type": "RECORD",
    "fields": [	
      {
        "name": "Search_Keyword",
        "type": "STRING",
        "mode": "NULLABLE"
      },
      {
        "name": "Search_Keyword_Key",
        "type": "STRING",
        "mode": "NULLABLE"
      },
      {
        "name": "Search_Keyword_Match_Type",
        "type": "STRING",
        "mode": "NULLABLE"
      },
      {
        "name": "Search_Keyword_Quality_Score",
        "type": "STRING",
        "mode": "NULLABLE"
      }
	  ]
	},
  {
	"name": "Strategy",
    "type": "RECORD",
    "fields": [	
      {
        "name": "Strategy_Custom_Attribute_1",
        "type": "STRING",
        "mode": "NULLABLE"
      },
      {
        "name": "Strategy_Custom_Attribute_3",
        "type": "STRING",
        "mode": "NULLABLE"
      },
      {
        "name": "Strategy_Key",
        "type": "STRING",
        "mode": "NULLABLE"
      },
      {
        "name": "Strategy_Name",
        "type": "STRING",
        "mode": "NULLABLE"
      }
	  ]
	},
  {
	"name": "Conversions",
    "type": "RECORD",
    "fields": [	
      {
        "name": "Post_Click_Conversions",
        "type": "FLOAT",
        "mode": "NULLABLE"
      },
      {
        "name": "Post_Click_Conversions_28_Days",
        "type": "FLOAT",
        "mode": "NULLABLE"
      },
      {
        "name": "Post_Click_Conversions_7_Days",
        "type": "FLOAT",
        "mode": "NULLABLE"
      },
      {
        "name": "Post_Click_Revenue",
        "type": "FLOAT",
        "mode": "NULLABLE"
      },
      {
        "name": "Post_Impression_Conversions",
        "type": "FLOAT",
        "mode": "NULLABLE"
      },
      {
        "name": "Post_Impression_Conversions_28_Days",
        "type": "FLOAT",
        "mode": "NULLABLE"
      },
      {
        "name": "Post_Impression_Conversions_7_Days",
        "type": "FLOAT",
        "mode": "NULLABLE"
      },
      {
        "name": "Post_Impression_Revenue",
        "type": "FLOAT",
        "mode": "NULLABLE"
      },
      {
        "name": "Revenue",
        "type": "FLOAT",
        "mode": "NULLABLE"
      },
      {
        "name": "Total_Conversions",
        "type": "FLOAT",
        "mode": "NULLABLE"
      }
	  ]
	},
  {
	"name": "Delivery",
    "type": "RECORD",
    "fields": [	
      {
        "name": "Three_Sec_Views",
        "type": "FLOAT",
        "mode": "NULLABLE"
      },
      {
        "name": "Ad_Recall_Rate_30_Day",
        "type": "FLOAT",
        "mode": "NULLABLE"
      },
      {
        "name": "Ad_Recall_Rate_7_Day",
        "type": "FLOAT",
        "mode": "NULLABLE"
      },
      {
        "name": "Ad_Recall_Rate_90_Day",
        "type": "FLOAT",
        "mode": "NULLABLE"
      },
      {
        "name": "Ad_Recallers_30_Day",
        "type": "FLOAT",
        "mode": "NULLABLE"
      },
      {
        "name": "Ad_Recallers_7_Day",
        "type": "FLOAT",
        "mode": "NULLABLE"
      },
      {
        "name": "Ad_Recallers_90_Day",
        "type": "FLOAT",
        "mode": "NULLABLE"
      },
      {
        "name": "Avg_Position",
        "type": "FLOAT",
        "mode": "NULLABLE"
      },
      {
        "name": "Booked_Cost",
        "type": "FLOAT",
        "mode": "NULLABLE"
      },
      {
        "name": "Booked_Impressions",
        "type": "FLOAT",
        "mode": "NULLABLE"
      },
      {
        "name": "Click_to_Site",
        "type": "FLOAT",
        "mode": "NULLABLE"
      },
      {
        "name": "Clicks",
        "type": "FLOAT",
        "mode": "NULLABLE"
      },
      {
        "name": "Completed_Views",
        "type": "FLOAT",
        "mode": "NULLABLE"
      },
      {
        "name": "Cost_Per_Like",
        "type": "FLOAT",
        "mode": "NULLABLE"
      },
      {
        "name": "CPC",
        "type": "FLOAT",
        "mode": "NULLABLE"
      },
      {
        "name": "CPCV",
        "type": "FLOAT",
        "mode": "NULLABLE"
      },
      {
        "name": "CPM",
        "type": "FLOAT",
        "mode": "NULLABLE"
      },
      {
        "name": "CPV",
        "type": "FLOAT",
        "mode": "NULLABLE"
      },
      {
        "name": "CTR",
        "type": "FLOAT",
        "mode": "NULLABLE"
      },
      {
        "name": "Delivery_Social_Post_Comments",
        "type": "FLOAT",
        "mode": "NULLABLE"
      },
      {
        "name": "Delivery_Social_Post_Likes",
        "type": "FLOAT",
        "mode": "NULLABLE"
      },
      {
        "name": "Delivery_Social_Post_Shares",
        "type": "FLOAT",
        "mode": "NULLABLE"
      },
      {
        "name": "Dummy_Metric",
        "type": "FLOAT",
        "mode": "NULLABLE"
      },
      {
        "name": "DV360_YouTube_Unique_Reach",
        "type": "FLOAT",
        "mode": "NULLABLE"
      },
      {
        "name": "Eligible_Impressions_2_calc",
        "type": "FLOAT",
        "mode": "NULLABLE"
      },
      {
        "name": "Estimated_Ad_Recall_FB",
        "type": "FLOAT",
        "mode": "NULLABLE"
      },
      {
        "name": "Estimated_Ad_Recall_Rate",
        "type": "FLOAT",
        "mode": "NULLABLE"
      },
      {
        "name": "Expansions",
        "type": "FLOAT",
        "mode": "NULLABLE"
      },
      {
        "name": "Frequency",
        "type": "FLOAT",
        "mode": "NULLABLE"
      },
      {
        "name": "Frequency_30_Day",
        "type": "FLOAT",
        "mode": "NULLABLE"
      },
      {
        "name": "Frequency_7_Day",
        "type": "FLOAT",
        "mode": "NULLABLE"
      },
      {
        "name": "Frequency_90_Day",
        "type": "FLOAT",
        "mode": "NULLABLE"
      },
      {
        "name": "Frequency_Lifetime",
        "type": "FLOAT",
        "mode": "NULLABLE"
      },
      {
        "name": "Full_Screen_Video_Completions",
        "type": "FLOAT",
        "mode": "NULLABLE"
      },
      {
        "name": "Full_Screen_Video_Plays",
        "type": "FLOAT",
        "mode": "NULLABLE"
      },
      {
        "name": "Impressions",
        "type": "FLOAT",
        "mode": "NULLABLE"
      },
      {
        "name": "Interaction_Rate",
        "type": "FLOAT",
        "mode": "NULLABLE"
      },
      {
        "name": "Interactions",
        "type": "FLOAT",
        "mode": "NULLABLE"
      },
      {
        "name": "Leads",
        "type": "FLOAT",
        "mode": "NULLABLE"
      },
      {
        "name": "Link_Clicks",
        "type": "FLOAT",
        "mode": "NULLABLE"
      },
      {
        "name": "Mobile_Purchase",
        "type": "FLOAT",
        "mode": "NULLABLE"
      },
      {
        "name": "Photo_Views",
        "type": "FLOAT",
        "mode": "NULLABLE"
      },
      {
        "name": "Position_Non_Weighted",
        "type": "FLOAT",
        "mode": "NULLABLE"
      },
      {
        "name": "Post_Engagement",
        "type": "FLOAT",
        "mode": "NULLABLE"
      },
      {
        "name": "Reach_30_Day",
        "type": "FLOAT",
        "mode": "NULLABLE"
      },
      {
        "name": "Reach_7_Day",
        "type": "FLOAT",
        "mode": "NULLABLE"
      },
      {
        "name": "Reach_90_Day",
        "type": "FLOAT",
        "mode": "NULLABLE"
      },
      {
        "name": "Reach_Lifetime",
        "type": "FLOAT",
        "mode": "NULLABLE"
      },
      {
        "name": "Search_Lost_IS_budget",
        "type": "FLOAT",
        "mode": "NULLABLE"
      },
      {
        "name": "Search_Lost_IS_rank",
        "type": "FLOAT",
        "mode": "NULLABLE"
      },
      {
        "name": "Search_Share_Impressions",
        "type": "FLOAT",
        "mode": "NULLABLE"
      },
      {
        "name": "Social_App_Installs",
        "type": "FLOAT",
        "mode": "NULLABLE"
      },
      {
        "name": "Social_Event_Responses",
        "type": "FLOAT",
        "mode": "NULLABLE"
      },
      {
        "name": "Social_Page_Likes",
        "type": "FLOAT",
        "mode": "NULLABLE"
      },
      {
        "name": "SOV",
        "type": "FLOAT",
        "mode": "NULLABLE"
      },
      {
        "name": "Spend",
        "type": "FLOAT",
        "mode": "NULLABLE"
      },
      {
        "name": "Spend_30_Day",
        "type": "FLOAT",
        "mode": "NULLABLE"
      },
      {
        "name": "Spend_7_Day",
        "type": "FLOAT",
        "mode": "NULLABLE"
      },
      {
        "name": "Unique_Reach_Average_Impression_Frequency",
        "type": "FLOAT",
        "mode": "NULLABLE"
      },
      {
        "name": "Unique_Reach_Click_Reach",
        "type": "FLOAT",
        "mode": "NULLABLE"
      },
      {
        "name": "Unique_Reach_Impression_Reach",
        "type": "FLOAT",
        "mode": "NULLABLE"
      },
      {
        "name": "Unique_Reach_Total_Reach",
        "type": "FLOAT",
        "mode": "NULLABLE"
      },
      {
        "name": "Video_Avg_Duration_Seconds",
        "type": "FLOAT",
        "mode": "NULLABLE"
      },
      {
        "name": "Video_Completions_25Percent",
        "type": "FLOAT",
        "mode": "NULLABLE"
      },
      {
        "name": "Video_Completions_25Percent_Rate",
        "type": "FLOAT",
        "mode": "NULLABLE"
      },
      {
        "name": "Video_Completions_50Percent",
        "type": "FLOAT",
        "mode": "NULLABLE"
      },
      {
        "name": "Video_Completions_50Percent_Rate",
        "type": "FLOAT",
        "mode": "NULLABLE"
      },
      {
        "name": "Video_Completions_75Percent",
        "type": "FLOAT",
        "mode": "NULLABLE"
      },
      {
        "name": "Video_Completions_75Percent_Rate",
        "type": "FLOAT",
        "mode": "NULLABLE"
      },
      {
        "name": "complete_views_video",
        "type": "FLOAT",
        "mode": "NULLABLE"
      },	  
      {
        "name": "Video_Fully_Played_Rate",
        "type": "FLOAT",
        "mode": "NULLABLE"
      },
      {
        "name": "Video_Mutes",
        "type": "FLOAT",
        "mode": "NULLABLE"
      },
      {
        "name": "Video_Pauses",
        "type": "FLOAT",
        "mode": "NULLABLE"
      },
      {
        "name": "Video_Plays",
        "type": "FLOAT",
        "mode": "NULLABLE"
      },
      {
        "name": "Video_Replays",
        "type": "FLOAT",
        "mode": "NULLABLE"
      },
      {
        "name": "Video_Skips",
        "type": "FLOAT",
        "mode": "NULLABLE"
      },
      {
        "name": "Video_True_Views",
        "type": "FLOAT",
        "mode": "NULLABLE"
      },
      {
        "name": "Video_Unmutes",
        "type": "FLOAT",
        "mode": "NULLABLE"
      },
      {
        "name": "Video_Views_Rate",
        "type": "FLOAT",
        "mode": "NULLABLE"
      },
      {
        "name": "Website_Clicks",
        "type": "FLOAT",
        "mode": "NULLABLE"
      }
	  ]
	}
]