[
  {
    "mode": "NULLABLE",
    "name": "REGION",
    "type": "STRING"
  },
  {
    "mode": "NULLABLE",
    "name": "COUNTRYCODE",
    "type": "STRING"
  },
  {
    "mode": "NULLABLE",
    "name": "SECTOR",
    "type": "STRING"
  },
  {
    "mode": "NULLABLE",
    "name": "BRAND",
    "type": "STRING"
  },
  {
    "mode": "NULLABLE",
    "name": "OPEN_RATE_BENCHMARK",
    "type": "FLOAT"
  },
  {
    "mode": "NULLABLE",
    "name": "CLICK_THROUGH_RATE_BENCHMARK",
    "type": "FLOAT"
  },
  {
    "mode": "NULLABLE",
    "name": "CLICK_TO_OPEN_RATE_BENCHMARK",
    "type": "INTEGER"
  },
  {
    "mode": "NULLABLE",
    "name": "BOUNCE_RATE_BENCHMARK",
    "type": "INTEGER"
  },
  {
    "mode": "NULLABLE",
    "name": "UNSUBSCRIBE_RATE_BENCHMARK",
    "type": "INTEGER"
  },
  {
    "mode": "NULLABLE",
    "name": "LAST_UPDATE_TIMESTAMP",
    "type": "STRING"
  }
]
