[
  {
    "name": "TIMESTAMP",
    "type": "DATE"
  },
  {
    "name": "COUNTRYCODE",
    "type": "STRING"
  },
  {
    "name": "EMAILNAME",
    "type": "STRING"
  },
  {
    "name": "JOURNEYNAME",
    "type": "STRING"
  },
  {
    "name": "SENDDATE",
    "type": "DATE"
  },
  {
    "name": "SENDS",
    "type": "INTEGER"
  },
  {
    "name": "BOUNCES",
    "type": "INTEGER"
  },
  {
    "name": "DELIVERED",
    "type": "INTEGER"
  },
  {
    "name": "UNSUBSCRIBES",
    "type": "INTEGER"
  },
  {
    "name": "CREATEUPDATE_DATETIME",
    "type": "TIMESTAMP"
  },
  {
    "name": "REGION",
    "type": "STRING"
  },
  {
    "name": "BRAND",
    "type": "STRING"
  },
  {
    "name": "SECTOR",
    "type": "STRING"
  },
  {
    "name": "TOTAL_OPENS",
    "type": "INTEGER"
  },
  {
    "name": "UNIQUE_OPENS",
    "type": "INTEGER"
  },
  {
    "name": "TOTAL_CLICKS",
    "type": "INTEGER"
  },
  {
    "name": "UNIQUE_CLICKS",
    "type": "INTEGER"
  },
  {
    "name": "NUM_SUBSCRIBERS_CLICKED",
    "type": "INTEGER"
  },
  {
    "name": "TOUCH_ID",
    "type": "STRING"
  },
  {
    "name": "CAMPAIGN",
    "type": "STRING"
  }
]
