[
  {
    "mode": "NULLABLE",
    "name": "REGION",
    "type": "STRING"
  },
  {
    "mode": "NULLABLE",
    "name": "COUNTRYCODE",
    "type": "STRING"
  },
  {
    "mode": "NULLABLE",
    "name": "ACTIVE_TARGET",
    "type": "INTEGER"
  },
  {
    "mode": "NULLABLE",
    "name": "ACTIVE_TARGET_YEAR",
    "type": "INTEGER"
  },
  {
    "mode": "NULLABLE",
    "name": "OPTED_IN_TARGET",
    "type": "INTEGER"
  },
  {
    "mode": "NULLABLE",
    "name": "OPTED_IN_TARGET_YEAR",
    "type": "INTEGER"
  },
  {
    "mode": "NULLABLE",
    "name": "ACTIVE_TARGET_YEAR_START",
    "type": "INTEGER"
  }
]
