[
  {
    "mode": "NULLABLE",
    "name": "REGION",
    "type": "STRING"
  },
  {
    "mode": "NULLABLE",
    "name": "COUNTRYCODE",
    "type": "STRING"
  },
  {
    "mode": "NULLABLE",
    "name": "DATE",
    "type": "DATE"
  },
  {
    "mode": "NULLABLE",
    "name": "ALL_NAMES",
    "type": "FLOAT"
  },
  {
    "mode": "NULLABLE",
    "name": "TOTAL_CONSUMERS",
    "type": "FLOAT"
  },
  {
    "mode": "NULLABLE",
    "name": "OPTED_IN",
    "type": "FLOAT"
  },
  {
    "mode": "NULLABLE",
    "name": "ACTIVE",
    "type": "FLOAT"
  },
  {
    "mode": "NULLABLE",
    "name": "TARGETS_KCNA_ACTIVE",
    "type": "FLOAT"
  },
  {
    "mode": "NULLABLE",
    "name": "TARGETS_GLOBAL_CONTACTABLE",
    "type": "FLOAT"
  }
]
