[
  {
    "mode": "NULLABLE",
    "name": "REGION",
    "type": "STRING"
  },
  {
    "mode": "NULLABLE",
    "name": "COUNTRYCODE",
    "type": "STRING"
  },
  {
    "mode": "NULLABLE",
    "name": "DATE",
    "type": "DATE"
  },
  {
    "mode": "NULLABLE",
    "name": "ALL_NAMES",
    "type": "FLOAT"
  },
  {
    "mode": "NULLABLE",
    "name": "TOTAL_CONSUMERS",
    "type": "FLOAT"
  },
  {
    "mode": "NULLABLE",
    "name": "OPTED_IN",
    "type": "FLOAT"
  },
  {
    "mode": "NULLABLE",
    "name": "ACTIVE",
    "type": "FLOAT"
  },
  {
    "mode": "NULLABLE",
    "name": "NET_NEW_NAMES",
    "type": "FLOAT"
  },
  {
    "mode": "NULLABLE",
    "name": "PROMOTED_FROM_WITHIN",
    "type": "FLOAT"
  },
  {
    "mode": "NULLABLE",
    "name": "OPT_OUTS",
    "type": "FLOAT"
  },
  {
    "mode": "NULLABLE",
    "name": "INVALIDATION",
    "type": "FLOAT"
  }
]
