[
  {
    "mode": "NULLABLE",
    "name": "age_in_months",
    "type": "INTEGER"
  },
  {
    "mode": "NULLABLE",
    "name": "brand",
    "type": "STRING"
  },
  {
    "mode": "NULLABLE",
    "name": "country_code",
    "type": "STRING"
  },
  {
    "mode": "NULLABLE",
    "name": "create_update_date_time",
    "type": "DATETIME"
  },  
  {
    "mode": "NULLABLE",
    "name": "data_source",
    "type": "STRING"
  },
  {
    "mode": "NULLABLE",
    "name": "dt_stamp_sfmc",
    "type": "DATETIME"
  },
  {
    "mode": "NULLABLE",
    "name": "is_contactable",
    "type": "STRING"
  },
  {
    "mode": "NULLABLE",
    "name": "mkt_event",
    "type": "STRING"
  },
  {
    "mode": "NULLABLE",
    "name": "region",
    "type": "STRING"
  },
  {
    "mode": "NULLABLE",
    "name": "sector",
    "type": "STRING"
  },
  {
    "mode": "NULLABLE",
    "name": "timestamp",
    "type": "DATETIME"
  },
  {
    "mode": "NULLABLE",
    "name": "tot_count",
    "type": "INTEGER"
  }
]
