[
  {
    "mode": "NULLABLE",
    "name": "COUNTRYCODE_lkup",
    "type": "STRING"
  },
  {
    "mode": "NULLABLE",
    "name": "REGION_lkup",
    "type": "STRING"
  },
  {
    "mode": "NULLABLE",
    "name": "TIMESTAMP",
    "type": "DATE"
  },
  {
    "mode": "NULLABLE",
    "name": "COUNTRYCODE",
    "type": "STRING"
  },
  {
    "mode": "NULLABLE",
    "name": "DT_STAMP_SFMC",
    "type": "DATE"
  },
  {
    "mode": "NULLABLE",
    "name": "IS_CONTACTABLE",
    "type": "STRING"
  },
  {
    "mode": "NULLABLE",
    "name": "DATASOURCE",
    "type": "STRING"
  },
  {
    "mode": "NULLABLE",
    "name": "TOT_COUNT",
    "type": "INTEGER"
  },
  {
    "mode": "NULLABLE",
    "name": "MKT_EVENT",
    "type": "STRING"
  },
  {
    "mode": "NULLABLE",
    "name": "BRAND",
    "type": "STRING"
  },
  {
    "mode": "NULLABLE",
    "name": "SECTOR",
    "type": "STRING"
  },
  {
    "mode": "NULLABLE",
    "name": "REGION",
    "type": "STRING"
  },
  {
    "mode": "NULLABLE",
    "name": "CREATEUPDATE_DATETIME",
    "type": "TIMESTAMP"
  },
  {
    "mode": "NULLABLE",
    "name": "AGE_IN_MONTHS",
    "type": "STRING"
  },
  {
    "mode": "NULLABLE",
    "name": "MKT_SUBEVENT",
    "type": "STRING"
  },
  {
    "mode": "NULLABLE",
    "name": "DATASOURCE_TYPE",
    "type": "STRING"
  },
  {
    "mode": "NULLABLE",
    "name": "APPLICATION_SOURCETYPE",
    "type": "STRING"
  },
  {
    "mode": "NULLABLE",
    "name": "msg",
    "type": "STRING"
  },
  {
    "mode": "NULLABLE",
    "name": "node",
    "type": "STRING"
  }
]
