[
  {
    "mode": "NULLABLE",
    "name": "TIMESTAMP",
    "type": "STRING"
  },
  {
    "mode": "NULLABLE",
    "name": "COUNTRYCODE",
    "type": "STRING"
  },
  {
    "mode": "NULLABLE",
    "name": "CREATED_DATE",
    "type": "STRING"
  },
  {
    "mode": "NULLABLE",
    "name": "TOT_CONSUMER",
    "type": "INTEGER"
  },  
  {
    "mode": "NULLABLE",
    "name": "IS_CONTACTABLE",
    "type": "STRING"
  },
  {
    "mode": "NULLABLE",
    "name": "TOT_NO_DOB",
    "type": "INTEGER"
  },
  {
    "mode": "NULLABLE",
    "name": "BRAND",
    "type": "STRING"
  },
  {
    "mode": "NULLABLE",
    "name": "SECTOR",
    "type": "STRING"
  },
  {
    "mode": "NULLABLE",
    "name": "REGION",
    "type": "STRING"
  },
  {
    "mode": "NULLABLE",
    "name": "CREATEUPDATE_DATETIME",
    "type": "STRING"
  },
  {
    "mode": "NULLABLE",
    "name": "AGE_IN_MONTHS",
    "type": "INTEGER"
  },
  {
    "mode": "NULLABLE",
    "name": "NO_OF_CONSUMERS",
    "type": "INTEGER"
  }
]
