[
  {
    "mode": "NULLABLE",
    "name": "TIMESTAMP",
    "type": "DATE"
  },
  {
    "mode": "NULLABLE",
    "name": "REGION",
    "type": "STRING"
  },
  {
    "mode": "NULLABLE",
    "name": "COUNTRYCODE",
    "type": "STRING"
  },
  {
    "mode": "NULLABLE",
    "name": "SECTOR",
    "type": "STRING"
  },
  {
    "mode": "NULLABLE",
    "name": "BRAND",
    "type": "STRING"
  },
  {
    "mode": "NULLABLE",
    "name": "AGE_IN_MONTHS",
    "type": "INTEGER"
  },
  {
    "mode": "NULLABLE",
    "name": "AGE_OF_CONSUMER_BUCKET",
    "type": "STRING"
  },
  {
    "mode": "NULLABLE",
    "name": "IS_CONTACTABLE",
    "type": "STRING"
  },
  {
    "mode": "NULLABLE",
    "name": "NO_OF_CONSUMERS",
    "type": "FLOAT"
  },
  {
    "mode": "NULLABLE",
    "name": "TOT_GENDER_M",
    "type": "FLOAT"
  },
  {
    "mode": "NULLABLE",
    "name": "TOT_GENDER_F",
    "type": "FLOAT"
  },
  {
    "mode": "NULLABLE",
    "name": "TOT_GENDER_U",
    "type": "FLOAT"
  },
  {
    "mode": "NULLABLE",
    "name": "TOT_DOB",
    "type": "FLOAT"
  },
  {
    "mode": "NULLABLE",
    "name": "TOT_GENDER",
    "type": "FLOAT"
  },
  {
    "mode": "NULLABLE",
    "name": "TOT_MEMBER_FIRST_NAME",
    "type": "FLOAT"
  },
  {
    "mode": "NULLABLE",
    "name": "TOT_MEMBER_LAST_NAME",
    "type": "FLOAT"
  },
  {
    "mode": "NULLABLE",
    "name": "TOT_MEMBER_GENDER",
    "type": "FLOAT"
  },
  {
    "mode": "NULLABLE",
    "name": "TOT_POSTAL_CODE",
    "type": "FLOAT"
  },
  {
    "mode": "NULLABLE",
    "name": "TOT_STATE",
    "type": "FLOAT"
  },
  {
    "mode": "NULLABLE",
    "name": "TOT_CITY",
    "type": "FLOAT"
  },
  {
    "mode": "NULLABLE",
    "name": "TOT_MOBILE_PHONE",
    "type": "FLOAT"
  },
  {
    "mode": "NULLABLE",
    "name": "TOT_LANDLINE_PHONE",
    "type": "FLOAT"
  },
  {
    "mode": "NULLABLE",
    "name": "TOT_EMAIL",
    "type": "FLOAT"
  },
  {
    "mode": "NULLABLE",
    "name": "TOT_MEMBER_GENDER_M",
    "type": "FLOAT"
  },
  {
    "mode": "NULLABLE",
    "name": "TOT_MEMBER_GENDER_F",
    "type": "FLOAT"
  },
  {
    "mode": "NULLABLE",
    "name": "TOT_MEMBER_GENDER_U",
    "type": "FLOAT"
  },
  {
    "mode": "NULLABLE",
    "name": "ENGAGED_CONSUMER_COUNT",
    "type": "FLOAT"
  },
  {
    "mode": "NULLABLE",
    "name": "COUNTRYCODE_lkup",
    "type": "STRING"
  },
  {
    "mode": "NULLABLE",
    "name": "REGION_lkup",
    "type": "STRING"
  },
  {
    "mode": "NULLABLE",
    "name": "OL_CALC",
    "type": "INTEGER"
  },
  {
    "mode": "NULLABLE",
    "name": "msg",
    "type": "STRING"
  },
  {
    "mode": "NULLABLE",
    "name": "node",
    "type": "STRING"
  }
]
