[
  {
    "mode": "NULLABLE",
    "name": "active_no_of_consumers",
    "type": "INTEGER"
  },
  {
    "mode": "NULLABLE",
    "name": "age_in_months",
    "type": "INTEGER"
  },
  {
    "mode": "NULLABLE",
    "name": "brand",
    "type": "STRING"
  },
  {
    "mode": "NULLABLE",
    "name": "country_code",
    "type": "STRING"
  },
  {
    "mode": "NULLABLE",
    "name": "create_update_date_time",
    "type": "DATETIME"
  },
  {
    "mode": "NULLABLE",
    "name": "is_contactable",
    "type": "BOOLEAN"
  },
  {
    "mode": "NULLABLE",
    "name": "no_of_consumers",
    "type": "INTEGER"
  },
  {
    "mode": "NULLABLE",
    "name": "region",
    "type": "STRING"
  },
  {
    "mode": "NULLABLE",
    "name": "sector",
    "type": "STRING"
  },
  {
    "mode": "NULLABLE",
    "name": "timestamp",
    "type": "DATETIME"
  },
  {
    "mode": "NULLABLE",
    "name": "tot_child_name",
    "type": "INTEGER"
  },
  {
    "mode": "NULLABLE",
    "name": "tot_city",
    "type": "INTEGER"
  },
  {
    "mode": "NULLABLE",
    "name": "tot_dob",
    "type": "INTEGER"
  },
  {
    "mode": "NULLABLE",
    "name": "tot_email",
    "type": "INTEGER"
  },
  {
    "mode": "NULLABLE",
    "name": "tot_gender",
    "type": "INTEGER"
  },
  {
    "mode": "NULLABLE",
    "name": "tot_gender_f",
    "type": "INTEGER"
  },
  {
    "mode": "NULLABLE",
    "name": "tot_gender_m",
    "type": "INTEGER"
  },
  {
    "mode": "NULLABLE",
    "name": "tot_gender_u",
    "type": "INTEGER"
  },
  {
    "mode": "NULLABLE",
    "name": "tot_landline_phone",
    "type": "INTEGER"
  },
  {
    "mode": "NULLABLE",
    "name": "tot_member_first_name",
    "type": "INTEGER"
  },
  {
    "mode": "NULLABLE",
    "name": "tot_member_gender",
    "type": "INTEGER"
  },
  {
    "mode": "NULLABLE",
    "name": "tot_member_gender_f",
    "type": "INTEGER"
  },
  {
    "mode": "NULLABLE",
    "name": "tot_member_gender_m",
    "type": "INTEGER"
  },
  {
    "mode": "NULLABLE",
    "name": "tot_member_gender_u",
    "type": "INTEGER"
  },
  {
    "mode": "NULLABLE",
    "name": "tot_member_last_name",
    "type": "INTEGER"
  },
  {
    "mode": "NULLABLE",
    "name": "tot_mobile_phone",
    "type": "INTEGER"
  },
  {
    "mode": "NULLABLE",
    "name": "tot_postal_code",
    "type": "INTEGER"
  },
  {
    "mode": "NULLABLE",
    "name": "tot_state",
    "type": "INTEGER"
  },
  {
    "mode": "NULLABLE",
    "name": "COUNTRYCODE_lkup",
    "type": "STRING"
  },
  {
    "mode": "NULLABLE",
    "name": "REGION_lkup",
    "type": "STRING"
  },
  {
    "mode": "NULLABLE",
    "name": "CURR_MONTH_CONSUMER",
    "type": "INTEGER"
  },
  {
    "mode": "NULLABLE",
    "name": "PREVIOUS_MONTH_CONSUMER",
    "type": "INTEGER"
  },
  {
    "mode": "NULLABLE",
    "name": "BNCH_MARK",
    "type": "INTEGER"
  },
  {
    "mode": "NULLABLE",
    "name": "msg",
    "type": "STRING"
  },
  {
    "mode": "NULLABLE",
    "name": "node",
    "type": "STRING"
  }
]
