[
  {
    "name": "REGION",
    "type": "STRING"
  },
  {
    "name": "BRAND",
    "type": "STRING"
  },
  {
    "name": "SECTOR",
    "type": "STRING"
  },
  {
    "name": "EMAIL_NAME",
    "type": "STRING"
  },
  {
    "name": "TIMESTAMP",
    "type": "DATE"
  },
  {
    "name": "LINK_CONTENT",
    "type": "STRING"
  },
    {
    "name": "URL",
    "type": "STRING"
  },
  {
    "name": "COUNTRYCODE",
    "type": "STRING"
  },
  {
    "name": "TOTAL_CLICK",
    "type": "NUMERIC"
  },
  {
    "name": "UNIQUE_CLICKS",
    "type": "NUMERIC"
  },
  {
    "name": "TOTAL_OPENS",
    "type": "NUMERIC"
  },
  {
    "name": "UNIQUE_OPENS",
    "type": "NUMERIC"
  },
  {
    "name": "SENDS",
    "type": "NUMERIC"
  },
  {
    "mode": "NULLABLE",
    "name": "msg",
    "type": "STRING"
  },
  {
    "mode": "NULLABLE",
    "name": "node",
    "type": "STRING"
  }  
]
