[
  {
    "name": "REGION",
    "type": "STRING"
  },
  {
    "name": "BRAND",
    "type": "STRING"
  },
  {
    "name": "SECTOR",
    "type": "STRING"
  },
  {
    "name": "EMAIL_NAME",
    "type": "STRING"
  },
  {
    "name": "JOURNEY_NAME",
    "type": "STRING"
  },
  {
    "name": "DOMAIN",
    "type": "STRING"
  },
  {
    "name": "TIMESTAMP",
    "type": "DATE"
  },
  {
    "name": "TIME_STAMP",
    "type": "STRING"
  },
  {
    "name": "BOUNCE_CATEGORY",
    "type": "STRING"
  },
  {
    "name": "TOUCH_ID",
    "type": "STRING"
  },
  {
    "name": "CAMPAIGN",
    "type": "STRING"
  },
  {
    "name": "COUNTRYCODE",
    "type": "STRING"
  },
  {
    "name": "SUBJECT_LINE",
    "type": "STRING"
  },
  {
    "name": "SUBJECTLINE_GENERAL",
    "type": "STRING"
  },
  {
    "name": "DELIVERED",
    "type": "NUMERIC"
  },
  {
    "name": "TOTAL_CLICK",
    "type": "NUMERIC"
  },
  {
    "name": "NUM_SUBSCRIBERS_CLICKED",
    "type": "NUMERIC"
  },
  {
    "name": "UNIQUE_CLICKS",
    "type": "NUMERIC"
  },
  {
    "name": "TOTAL_OPENS",
    "type": "NUMERIC"
  },
  {
    "name": "UNIQUE_OPENS",
    "type": "NUMERIC"
  },
  {
    "name": "BOUNCES",
    "type": "NUMERIC"
  },
  {
    "name": "UNSUBSCRIBES",
    "type": "NUMERIC"
  },
  {
    "name": "SENDS",
    "type": "NUMERIC"
  },
  {
    "name": "UNIQUE_CLICKS_NEW",
    "type": "NUMERIC"
  }
]
