[
  {
    "mode": "NULLABLE",
    "name": "REGION",
    "type": "STRING"
  },
  {
    "mode": "NULLABLE",
    "name": "COUNTRYCODE",
    "type": "STRING"
  },
  {
    "mode": "NULLABLE",
    "name": "SUBCATEGORY",
    "type": "STRING"
  },
  {
    "mode": "NULLABLE",
    "name": "PRODUCT_ID",
    "type": "INTEGER"
  },
  {
    "mode": "NULLABLE",
    "name": "LOWEST_LEVEL",
    "type": "STRING"
  },
  {
    "mode": "NULLABLE",
    "name": "HIERARCHY_LEVEL",
    "type": "STRING"
  },
  {
    "mode": "NULLABLE",
    "name": "UNIT",
    "type": "STRING"
  },
  {
    "mode": "NULLABLE",
    "name": "YEAR",
    "type": "INTEGER"
  },
  {
    "mode": "NULLABLE",
    "name": "DATA_TYPE",
    "type": "STRING"
  },
  {
    "mode": "NULLABLE",
    "name": "ACTUAL",
    "type": "FLOAT"
  }
]
