[
      {
        "name": "dt_created",
        "type": "TIMESTAMP",
        "mode": "NULLABLE"
      },
      {
        "name": "dt_updated",
        "type": "TIMESTAMP",
        "mode": "NULLABLE"
      },
      {
        "name": "dt_filename",
        "type": "STRING",
        "mode": "NULLABLE"
      },
      {
        "name": "adset_name",
        "type": "STRING",
        "mode": "NULLABLE"
      },
      {
        "name": "impressions",
        "type": "INTEGER",
        "mode": "NULLABLE"
      },
      {
        "name": "spend",
        "type": "FLOAT",
        "mode": "NULLABLE"
      },
      {
        "name": "account_name",
        "type": "STRING",
        "mode": "NULLABLE"
      },
      {
        "name": "objective",
        "type": "STRING",
        "mode": "NULLABLE"
      },
      {
        "name": "clicks",
        "type": "INTEGER",
        "mode": "NULLABLE"
      },
      {
        "name": "date_start",
        "type": "DATE",
        "mode": "NULLABLE"
      },
      {
        "name": "campaign_name",
        "type": "STRING",
        "mode": "NULLABLE"
      },
      {
        "name": "campaign_id",
        "type": "INTEGER",
        "mode": "NULLABLE"
      },
      {
        "name": "date_stop",
        "type": "DATE",
        "mode": "NULLABLE"
      },
      {
        "name": "adset_id",
        "type": "INTEGER",
        "mode": "NULLABLE"
      },
      {
        "name": "account_id",
        "type": "INTEGER",
        "mode": "NULLABLE"
      },
      {
        "name": "adset_targeting_geo_locations",
        "type": "STRING",
        "mode": "NULLABLE"
      },
      {
        "name": "adset_targeting_publisher_platforms",
        "type": "STRING",
        "mode": "NULLABLE"
      },
      {
        "name": "campaign_stop_time",
        "type": "TIMESTAMP",
        "mode": "NULLABLE"
      },
      {
        "name": "adset_targeting_locales",
        "type": "STRING",
        "mode": "NULLABLE"
      },
      {
        "name": "campaign_start_time",
        "type": "TIMESTAMP",
        "mode": "NULLABLE"
      },
      {
        "name": "adset_targeting",
        "type": "STRING",
        "mode": "NULLABLE"
      },
      {
        "name": "account_business_id",
        "type": "INTEGER",
        "mode": "NULLABLE"
      },
      {
        "name": "account_business_name",
        "type": "STRING",
        "mode": "NULLABLE"
      },
      {
        "name": "video_p100_watched_actions",
        "type": "INTEGER",
        "mode": "NULLABLE"
      },
      {
        "name": "video_30_sec_watched_actions",
        "type": "INTEGER",
        "mode": "NULLABLE"
      },
      {
        "name": "video_p50_watched_actions",
        "type": "INTEGER",
        "mode": "NULLABLE"
      },
      {
        "name": "video_p25_watched_actions",
        "type": "INTEGER",
        "mode": "NULLABLE"
      },
      {
        "name": "video_p75_watched_actions",
        "type": "INTEGER",
        "mode": "NULLABLE"
      },
      {
        "name": "video_play_actions",
        "type": "INTEGER",
        "mode": "NULLABLE"
      },
      {
        "name": "ad_name",
        "type": "STRING",
        "mode": "NULLABLE"
      },
      {
        "name": "video_watch_30_sec",
        "type": "INTEGER",
        "mode": "NULLABLE"
      },
      {
        "name": "ad_id",
        "type": "INTEGER",
        "mode": "NULLABLE"
      },
      {
        "name": "video_watch_100_percent",
        "type": "INTEGER",
        "mode": "NULLABLE"
      },
      {
        "name": "video_plays",
        "type": "INTEGER",
        "mode": "NULLABLE"
      },
      {
        "name": "video_watch_50_percent",
        "type": "INTEGER",
        "mode": "NULLABLE"
      },
      {
        "name": "publisher_platform",
        "type": "STRING",
        "mode": "NULLABLE"
      },
      {
        "name": "video_watch_25_percent",
        "type": "INTEGER",
        "mode": "NULLABLE"
      },
      {
        "name": "impression_device",
        "type": "STRING",
        "mode": "NULLABLE"
      },
      {
        "name": "video_watch_75_percent",
        "type": "INTEGER",
        "mode": "NULLABLE"
      },
      {
        "name": "device_platform",
        "type": "STRING",
        "mode": "NULLABLE"
      }
]
