[
  {
    "name": "Day",
    "mode": "NULLABLE",
    "type": "DATE",
    "fields": []
  },
  {
    "name": "Campaign_Key",
    "mode": "NULLABLE",
    "type": "STRING",
    "fields": []
  },
  {
    "name": "KPI_Brand",
    "mode": "NULLABLE",
    "type": "STRING",
    "fields": []
  },
  {
    "name": "KPI_Publisher",
    "mode": "NULLABLE",
    "type": "STRING",
    "fields": []
  },
  {
    "name": "KPI_Format",
    "mode": "NULLABLE",
    "type": "STRING",
    "fields": []
  },
  {
    "name": "KPI_Creative_Size_Band",
    "mode": "NULLABLE",
    "type": "STRING",
    "fields": []
  },
  {
    "name": "KPI_Viewability",
    "mode": "NULLABLE",
    "type": "FLOAT",
    "fields": []
  },
  {
    "name": "KPI_Completion_Rate",
    "mode": "NULLABLE",
    "type": "FLOAT",
    "fields": []
  },
  {
    "name": "KPI_vCPCV",
    "mode": "NULLABLE",
    "type": "INTEGER",
    "fields": []
  },
  {
    "name": "KPI_vCPM_Format",
    "mode": "NULLABLE",
    "type": "INTEGER",
    "fields": []
  },
  {
    "name": "KPI_vCPM_Creative_Size",
    "mode": "NULLABLE",
    "type": "INTEGER",
    "fields": []
  },
  {
    "name": "KPI_Viewability_Brand",
    "mode": "NULLABLE",
    "type": "FLOAT",
    "fields": []
  },
  {
    "name": "KPI_Completion_Rate_Brand",
    "mode": "NULLABLE",
    "type": "FLOAT",
    "fields": []
  },
  {
    "name": "KPI_vCPCV_Brand",
    "mode": "NULLABLE",
    "type": "INTEGER",
    "fields": []
  },
  {
    "name": "Dummy_Metric",
    "mode": "NULLABLE",
    "type": "INTEGER",
    "fields": []
  }
]