[
      {
        "name": "BRAND",
        "type": "STRING"
      },
      {
        "name": "REGION",
        "type": "STRING"
      },
      {
        "name": "SECTOR",
        "type": "STRING"
      },
      {
        "name": "TIMESTAMP",
        "type": "DATE"
      },
      {
        "name": "COUNTRYCODE",
        "type": "STRING"
      },
      {
        "name": "LANGUAGE",
        "type": "STRING"
      },
      {
        "name": "USERS",
        "type": "INTEGER"
      },
      {
        "name": "DIMENSION",
        "type": "STRING",
        "mode": "NULLABLE"
      },
      {
        "name": "SESSIONDURATION",
        "type": "FLOAT"
      },
      {
        "name": "NEWUSERS",
        "type": "INTEGER"
      },
      {
        "name": "SESSION_PERUSER",
        "type": "FLOAT"
      },
      {
        "name": "SESSIONS",
        "type": "INTEGER"
      },
      {
        "name": "BOUNCES",
        "type": "INTEGER"
      },
      {
        "name": "AVG_SESSION_DURATION",
        "type": "FLOAT"
      },
      {
        "name": "CC_SESSION_DURATION",
        "type": "FLOAT"
      },
      {
        "name": "CC_BOUNCE_RATE",
        "type": "FLOAT"
      },
      {
        "name": "CONSTANT",
        "type": "STRING"
      }
]
