[
      {
        "name": "dt_created",
        "type": "TIMESTAMP",
        "mode": "NULLABLE"
      },
      {
        "name": "dt_updated",
        "type": "TIMESTAMP",
        "mode": "NULLABLE"
      },
      {
        "name": "dt_filename",
        "type": "STRING",
        "mode": "NULLABLE"
      },
      {
        "name": "client_customer_id",
        "type": "INTEGER",
        "mode": "NULLABLE"
      },
      {
        "name": "client_customer_name",
        "type": "STRING",
        "mode": "NULLABLE"
      },
      {
        "name": "ad_group",
        "type": "STRING",
        "mode": "NULLABLE"
      },
      {
        "name": "network",
        "type": "STRING",
        "mode": "NULLABLE"
      },
      {
        "name": "network_with_search_partners",
        "type": "STRING",
        "mode": "NULLABLE"
      },
      {
        "name": "campaign_name",
        "type": "STRING",
        "mode": "NULLABLE"
      },
      {
        "name": "clicks",
        "type": "INTEGER",
        "mode": "NULLABLE"
      },
      {
        "name": "cost",
        "type": "FLOAT",
        "mode": "NULLABLE"
      },
      {
        "name": "keyword",
        "type": "STRING",
        "mode": "NULLABLE"
      },
      {
        "name": "date",
        "type": "DATE",
        "mode": "NULLABLE"
      },
      {
        "name": "device",
        "type": "STRING",
        "mode": "NULLABLE"
      },
      {
        "name": "engagements",
        "type": "INTEGER",
        "mode": "NULLABLE"
      },
      {
        "name": "customer_id",
        "type": "INTEGER",
        "mode": "NULLABLE"
      },
      {
        "name": "keyword_id",
        "type": "INTEGER",
        "mode": "NULLABLE"
      },
      {
        "name": "impressions",
        "type": "INTEGER",
        "mode": "NULLABLE"
      },
      {
        "name": "interactions",
        "type": "INTEGER",
        "mode": "NULLABLE"
      },
      {
        "name": "quality_score",
        "type": "STRING",
        "mode": "NULLABLE"
      },
      {
        "name": "search_impression_share",
        "type": "STRING",
        "mode": "NULLABLE"
      },
      {
        "name": "final_url",
        "type": "STRING",
        "mode": "NULLABLE"
      }
]
