[
  {
    "mode": "NULLABLE",
    "name": "Goal_Name",
    "type": "STRING"
  },
  {
    "mode": "NULLABLE",
    "name": "Goal_Completions",
    "type": "INTEGER"
  },
  {
    "mode": "NULLABLE",
    "name": "Date",
    "type": "DATE"
  },
  {
    "mode": "NULLABLE",
    "name": "Region",
    "type": "STRING"
  },
  {
    "mode": "NULLABLE",
    "name": "Country",
    "type": "STRING"
  },
  {
    "mode": "NULLABLE",
    "name": "Sector",
    "type": "STRING"
  },
  {
    "mode": "NULLABLE",
    "name": "Brand",
    "type": "STRING"
  },
  {
    "mode": "NULLABLE",
    "name": "Profile",
    "type": "STRING"
  },
  {
    "mode": "NULLABLE",
    "name": "Constant",
    "type": "STRING"
  },
  {
    "mode": "NULLABLE",
    "name": "Language",
    "type": "STRING"
  },
  {
    "mode": "NULLABLE",
    "name": "Campaign",
    "type": "STRING"
  },
  {
    "mode": "NULLABLE",
    "name": "Channel",
    "type": "STRING"
  },
  {
    "mode": "NULLABLE",
    "name": "Device_Category",
    "type": "STRING"
  },
  {
    "mode": "NULLABLE",
    "name": "Medium",
    "type": "STRING"
  },
  {
    "mode": "NULLABLE",
    "name": "Source",
    "type": "STRING"
  },
  {
    "mode": "NULLABLE",
    "name": "Client_Id",
    "type": "STRING"
  },
  {
    "mode": "NULLABLE",
    "name": "Ad_Content",
    "type": "STRING"
  },
  {
    "mode": "NULLABLE",
    "name": "Keyword",
    "type": "STRING"
  },
  {
    "mode": "NULLABLE",
    "name": "Users",
    "type": "INTEGER"
  },
  {
    "mode": "NULLABLE",
    "name": "Sessions",
    "type": "INTEGER"
  },
  {
    "mode": "NULLABLE",
    "name": "Pageviews",
    "type": "INTEGER"
  },
  {
    "mode": "NULLABLE",
    "name": "Bounces",
    "type": "INTEGER"
  },
  {
    "mode": "NULLABLE",
    "name": "PageLoadTimeInSeconds",
    "type": "FLOAT"
  },
  {
    "mode": "NULLABLE",
    "name": "PageLoadTimeSample",
    "type": "FLOAT"
  },
  {
    "mode": "NULLABLE",
    "name": "TimeOnPageInSeconds",
    "type": "FLOAT"
  },
  {
    "mode": "NULLABLE",
    "name": "Exit",
    "type": "INTEGER"
  }
]
