[
  {
    "mode": "NULLABLE",
    "name": "date",
    "type": "DATE"
  },
  {
    "mode": "NULLABLE",
    "name": "region",
    "type": "STRING"
  },
  {
    "mode": "NULLABLE",
    "name": "countrycode",
    "type": "STRING"
  },
  {
    "mode": "NULLABLE",
    "name": "country",
    "type": "STRING"
  },
  {
    "mode": "NULLABLE",
    "name": "Sector",
    "type": "STRING"
  },
  {
    "mode": "NULLABLE",
    "name": "Brand",
    "type": "STRING"
  },
  {
    "mode": "NULLABLE",
    "name": "profile",
    "type": "STRING"
  },
  {
    "mode": "NULLABLE",
    "name": "language",
    "type": "STRING"
  },
  {
    "mode": "NULLABLE",
    "name": "campaign",
    "type": "STRING"
  },
  {
    "mode": "NULLABLE",
    "name": "Channel",
    "type": "STRING"
  },
  {
    "mode": "NULLABLE",
    "name": "device_category",
    "type": "STRING"
  },
  {
    "mode": "NULLABLE",
    "name": "medium",
    "type": "STRING"
  },
  {
    "mode": "NULLABLE",
    "name": "source",
    "type": "STRING"
  },
  {
    "mode": "NULLABLE",
    "name": "client_id",
    "type": "STRING"
  },
  {
    "mode": "NULLABLE",
    "name": "ad_content",
    "type": "STRING"
  },
  {
    "mode": "NULLABLE",
    "name": "keyword",
    "type": "STRING"
  },
  {
    "mode": "NULLABLE",
    "name": "avg_session_duration",
    "type": "FLOAT"
  },
  {
    "mode": "NULLABLE",
    "name": "new_users",
    "type": "INTEGER"
  },
  {
    "mode": "NULLABLE",
    "name": "Users",
    "type": "INTEGER"
  },
  {
    "mode": "NULLABLE",
    "name": "Sessions",
    "type": "INTEGER"
  },
  {
    "mode": "NULLABLE",
    "name": "Pageviews",
    "type": "INTEGER"
  },
  {
    "mode": "NULLABLE",
    "name": "Bounces",
    "type": "INTEGER"
  },
  {
    "mode": "NULLABLE",
    "name": "PageLoadTimeInSeconds",
    "type": "INTEGER"
  },
  {
    "mode": "NULLABLE",
    "name": "PageLoadTimeSample",
    "type": "INTEGER"
  },
  {
    "mode": "NULLABLE",
    "name": "TimeOnPageInSeconds",
    "type": "FLOAT"
  },
  {
    "mode": "NULLABLE",
    "name": "EXIT",
    "type": "INTEGER"
  },
  {
    "mode": "NULLABLE",
    "name": "Smart_Goal",
    "type": "INTEGER"
  },
  {
    "mode": "NULLABLE",
    "name": "Successful_Email_SignIn",
    "type": "INTEGER"
  },
  {
    "mode": "NULLABLE",
    "name": "Successful_Email_SignUp",
    "type": "INTEGER"
  },
  {
    "mode": "NULLABLE",
    "name": "Newsletter",
    "type": "INTEGER"
  },
  {
    "mode": "NULLABLE",
    "name": "Successful_Samples",
    "type": "INTEGER"
  },
  {
    "mode": "NULLABLE",
    "name": "Buy_Online",
    "type": "INTEGER"
  },
  {
    "mode": "NULLABLE",
    "name": "Coupon_From_06_26",
    "type": "INTEGER"
  },
  {
    "mode": "NULLABLE",
    "name": "Sample_confirmation",
    "type": "INTEGER"
  },
  {
    "mode": "NULLABLE",
    "name": "Successful_Quick_SignUp",
    "type": "INTEGER"
  },
  {
    "mode": "NULLABLE",
    "name": "Successful_Influencer_Program",
    "type": "INTEGER"
  },
  {
    "mode": "NULLABLE",
    "name": "Successful_Footer_SignUp",
    "type": "INTEGER"
  },
  {
    "mode": "NULLABLE",
    "name": "Successful_SignUp_Standard",
    "type": "INTEGER"
  },
  {
    "mode": "NULLABLE",
    "name": "Successful_SignIn_Standard",
    "type": "INTEGER"
  },
  {
    "mode": "NULLABLE",
    "name": "HelpMePick",
    "type": "INTEGER"
  },
  {
    "mode": "NULLABLE",
    "name": "Successful_PopUp_SignIn",
    "type": "INTEGER"
  },
  {
    "mode": "NULLABLE",
    "name": "Coupon",
    "type": "INTEGER"
  },
  {
    "mode": "NULLABLE",
    "name": "Period_Calculator",
    "type": "INTEGER"
  },
  {
    "mode": "NULLABLE",
    "name": "Successful_PopUp_SignUp",
    "type": "INTEGER"
  },
  {
    "mode": "NULLABLE",
    "name": "Successful_Period_Calculator_Signup",
    "type": "INTEGER"
  },
  {
    "mode": "NULLABLE",
    "name": "PLP_Buy_Online",
    "type": "INTEGER"
  },
  {
    "mode": "NULLABLE",
    "name": "PDP_Buy_Online",
    "type": "INTEGER"
  },
  {
    "mode": "NULLABLE",
    "name": "Video_Play",
    "type": "INTEGER"
  },
  {
    "mode": "NULLABLE",
    "name": "Video_Complete",
    "type": "INTEGER"
  },
  {
    "mode": "NULLABLE",
    "name": "Product_Pages",
    "type": "INTEGER"
  },
  {
    "mode": "NULLABLE",
    "name": "Share",
    "type": "INTEGER"
  },
  {
    "mode": "NULLABLE",
    "name": "Successful_Sample_Orders",
    "type": "INTEGER"
  },
  {
    "mode": "NULLABLE",
    "name": "Article_Detail_Page_Iteraction",
    "type": "INTEGER"
  },
  {
    "mode": "NULLABLE",
    "name": "Profile_Opt_In",
    "type": "INTEGER"
  },
  {
    "mode": "NULLABLE",
    "name": "Huggies_Facebook_ChatBot_Registrations",
    "type": "INTEGER"
  },
  {
    "mode": "NULLABLE",
    "name": "Successful_Social_SignUp",
    "type": "INTEGER"
  },
  {
    "mode": "NULLABLE",
    "name": "Successful_Social_SignIn",
    "type": "INTEGER"
  },
  {
    "mode": "NULLABLE",
    "name": "Newsletter_Opt_In",
    "type": "INTEGER"
  },
  {
    "mode": "NULLABLE",
    "name": "Sweepstakes_Opt_In",
    "type": "INTEGER"
  },
  {
    "mode": "NULLABLE",
    "name": "PhotoShoot_Opt_In",
    "type": "INTEGER"
  },
  {
    "mode": "NULLABLE",
    "name": "Baby_Name_Finer_Successful_Query",
    "type": "INTEGER"
  },
  {
    "mode": "NULLABLE",
    "name": "Due_Data_Calculator_Success",
    "type": "INTEGER"
  },
  {
    "mode": "NULLABLE",
    "name": "Gender_Finder_Success",
    "type": "INTEGER"
  },
  {
    "mode": "NULLABLE",
    "name": "Share_Button_Parenting_Tools",
    "type": "INTEGER"
  },
  {
    "mode": "NULLABLE",
    "name": "Baby_Sweepstakes_Opt_In",
    "type": "INTEGER"
  },
  {
    "mode": "NULLABLE",
    "name": "Personality_Quiz_Completions",
    "type": "INTEGER"
  },
  {
    "mode": "NULLABLE",
    "name": "Readiness_Quiz_Completions",
    "type": "INTEGER"
  },
  {
    "mode": "NULLABLE",
    "name": "PLP_Buy_Now",
    "type": "INTEGER"
  },
  {
    "mode": "NULLABLE",
    "name": "PDP_Buy_Now",
    "type": "INTEGER"
  },
  {
    "mode": "NULLABLE",
    "name": "Flushability_Read_Press_Release",
    "type": "INTEGER"
  },
  {
    "mode": "NULLABLE",
    "name": "Video_Interaction_Flushable_wipes_made_for_your_pipes",
    "type": "INTEGER"
  },
  {
    "mode": "NULLABLE",
    "name": "Video_Interaction_Flushable_wipes_break_down_like_toilet_paper",
    "type": "INTEGER"
  },
  {
    "mode": "NULLABLE",
    "name": "Recommended_Video_Interactions",
    "type": "INTEGER"
  },
  {
    "mode": "NULLABLE",
    "name": "Header_Buy_Now",
    "type": "INTEGER"
  },
  {
    "mode": "NULLABLE",
    "name": "Add_to_Cart_Retailer_click",
    "type": "INTEGER"
  },
  {
    "mode": "NULLABLE",
    "name": "Homepage_Buy_Now",
    "type": "INTEGER"
  },
  {
    "mode": "NULLABLE",
    "name": "Tips_and_Advice_Buy_Now",
    "type": "INTEGER"
  }
]
