[
  {
    "mode": "NULLABLE",
    "name": "date",
    "type": "DATE"
  },
  {
    "mode": "NULLABLE",
    "name": "region",
    "type": "STRING"
  },
  {
    "mode": "NULLABLE",
    "name": "countrycode",
    "type": "STRING"
  },
  {
    "mode": "NULLABLE",
    "name": "COUNTRYNAME",
    "type": "STRING"
  },
  {
    "mode": "NULLABLE",
    "name": "sector",
    "type": "STRING"
  },
  {
    "mode": "NULLABLE",
    "name": "brand",
    "type": "STRING"
  },
  {
    "mode": "NULLABLE",
    "name": "avg_session_duration",
    "type": "FLOAT"
  },
  {
    "mode": "NULLABLE",
    "name": "new_users",
    "type": "INTEGER"
  },
  {
    "mode": "NULLABLE",
    "name": "email_name",
    "type": "STRING"
  },
  {
    "mode": "NULLABLE",
    "name": "email_campaign",
    "type": "STRING"
  },
  {
    "mode": "NULLABLE",
    "name": "bounces",
    "type": "INTEGER"
  },
  {
    "mode": "NULLABLE",
    "name": "exits",
    "type": "INTEGER"
  },
  {
    "mode": "NULLABLE",
    "name": "page_load_sample",
    "type": "FLOAT"
  },
  {
    "mode": "NULLABLE",
    "name": "page_load_time",
    "type": "FLOAT"
  },
  {
    "mode": "NULLABLE",
    "name": "pageviews",
    "type": "INTEGER"
  },
  {
    "mode": "NULLABLE",
    "name": "sessions",
    "type": "INTEGER"
  },
  {
    "mode": "NULLABLE",
    "name": "time_on_page",
    "type": "FLOAT"
  },
  {
    "mode": "NULLABLE",
    "name": "users",
    "type": "INTEGER"
  },
  {
    "mode": "NULLABLE",
    "name": "delivered",
    "type": "INTEGER"
  },
  {
    "mode": "NULLABLE",
    "name": "total_click",
    "type": "INTEGER"
  },
  {
    "mode": "NULLABLE",
    "name": "num_subscribers_clicked",
    "type": "INTEGER"
  },
  {
    "mode": "NULLABLE",
    "name": "unique_clicks",
    "type": "INTEGER"
  },
  {
    "mode": "NULLABLE",
    "name": "total_opens",
    "type": "INTEGER"
  },
  {
    "mode": "NULLABLE",
    "name": "unique_opens",
    "type": "INTEGER"
  },
  {
    "mode": "NULLABLE",
    "name": "unsubscribes",
    "type": "INTEGER"
  },
  {
    "mode": "NULLABLE",
    "name": "sends",
    "type": "INTEGER"
  },
  {
    "mode": "NULLABLE",
    "name": "Smart_Goal",
    "type": "INTEGER"
  },
  {
    "mode": "NULLABLE",
    "name": "Successful_Email_SignIn",
    "type": "INTEGER"
  },
  {
    "mode": "NULLABLE",
    "name": "Successful_Email_SignUp",
    "type": "INTEGER"
  },
  {
    "mode": "NULLABLE",
    "name": "Newsletter",
    "type": "INTEGER"
  },
  {
    "mode": "NULLABLE",
    "name": "Successful_Samples",
    "type": "INTEGER"
  },
  {
    "mode": "NULLABLE",
    "name": "Buy_Online",
    "type": "INTEGER"
  },
  {
    "mode": "NULLABLE",
    "name": "Coupon_From_06_26",
    "type": "INTEGER"
  },
  {
    "mode": "NULLABLE",
    "name": "Sample_confirmation",
    "type": "INTEGER"
  },
  {
    "mode": "NULLABLE",
    "name": "Successful_Quick_SignUp",
    "type": "INTEGER"
  },
  {
    "mode": "NULLABLE",
    "name": "Successful_Influencer_Program",
    "type": "INTEGER"
  },
  {
    "mode": "NULLABLE",
    "name": "Successful_Footer_SignUp",
    "type": "INTEGER"
  },
  {
    "mode": "NULLABLE",
    "name": "Successful_SignUp_Standard",
    "type": "INTEGER"
  },
  {
    "mode": "NULLABLE",
    "name": "Successful_SignIn_Standard",
    "type": "INTEGER"
  },
  {
    "mode": "NULLABLE",
    "name": "HelpMePick",
    "type": "INTEGER"
  },
  {
    "mode": "NULLABLE",
    "name": "Successful_PopUp_SignIn",
    "type": "INTEGER"
  },
  {
    "mode": "NULLABLE",
    "name": "Coupon",
    "type": "INTEGER"
  },
  {
    "mode": "NULLABLE",
    "name": "Period_Calculator",
    "type": "INTEGER"
  },
  {
    "mode": "NULLABLE",
    "name": "Successful_PopUp_SignUp",
    "type": "INTEGER"
  },
  {
    "mode": "NULLABLE",
    "name": "Successful_Period_Calculator_Signup",
    "type": "INTEGER"
  },
  {
    "mode": "NULLABLE",
    "name": "PLP_Buy_Online",
    "type": "INTEGER"
  },
  {
    "mode": "NULLABLE",
    "name": "PDP_Buy_Online",
    "type": "INTEGER"
  },
  {
    "mode": "NULLABLE",
    "name": "Video_Play",
    "type": "INTEGER"
  },
  {
    "mode": "NULLABLE",
    "name": "Video_Complete",
    "type": "INTEGER"
  },
  {
    "mode": "NULLABLE",
    "name": "Product_Pages",
    "type": "INTEGER"
  },
  {
    "mode": "NULLABLE",
    "name": "Share",
    "type": "INTEGER"
  },
  {
    "mode": "NULLABLE",
    "name": "Successful_Sample_Orders",
    "type": "INTEGER"
  },
  {
    "mode": "NULLABLE",
    "name": "Article_Detail_Page_Iteraction",
    "type": "INTEGER"
  },
  {
    "mode": "NULLABLE",
    "name": "Profile_Opt_In",
    "type": "INTEGER"
  },
  {
    "mode": "NULLABLE",
    "name": "HUGGIES_Facebook_ChatBot_Registrations",
    "type": "INTEGER"
  },
  {
    "mode": "NULLABLE",
    "name": "Successful_Social_SignUp",
    "type": "INTEGER"
  },
  {
    "mode": "NULLABLE",
    "name": "Successful_Social_SignIn",
    "type": "INTEGER"
  },
  {
    "mode": "NULLABLE",
    "name": "Newsletter_Opt_In",
    "type": "INTEGER"
  },
  {
    "mode": "NULLABLE",
    "name": "Sweepstakes_Opt_In",
    "type": "INTEGER"
  },
  {
    "mode": "NULLABLE",
    "name": "PhotoShoot_Opt_In",
    "type": "INTEGER"
  },
  {
    "mode": "NULLABLE",
    "name": "Baby_Name_Finer_Successful_Query",
    "type": "INTEGER"
  },
  {
    "mode": "NULLABLE",
    "name": "Due_Data_Calculator_Success",
    "type": "INTEGER"
  },
  {
    "mode": "NULLABLE",
    "name": "Gender_Finder_Success",
    "type": "INTEGER"
  },
  {
    "mode": "NULLABLE",
    "name": "Share_Button_Parenting_Tools",
    "type": "INTEGER"
  },
  {
    "mode": "NULLABLE",
    "name": "Baby_Sweepstakes_Opt_In",
    "type": "INTEGER"
  },
  {
    "mode": "NULLABLE",
    "name": "Personality_Quiz_Completions",
    "type": "INTEGER"
  },
  {
    "mode": "NULLABLE",
    "name": "Readiness_Quiz_Completions",
    "type": "INTEGER"
  },
  {
    "mode": "NULLABLE",
    "name": "PLP_Buy_Now",
    "type": "INTEGER"
  },
  {
    "mode": "NULLABLE",
    "name": "PDP_Buy_Now",
    "type": "INTEGER"
  },
  {
    "mode": "NULLABLE",
    "name": "Flushability_Read_Press_Release",
    "type": "INTEGER"
  },
  {
    "mode": "NULLABLE",
    "name": "Video_Interaction_Flushable_wipes_made_for_your_pipes",
    "type": "INTEGER"
  },
  {
    "mode": "NULLABLE",
    "name": "Video_Interaction_Flushable_wipes_break_down_like_toilet_paper",
    "type": "INTEGER"
  },
  {
    "mode": "NULLABLE",
    "name": "Recommended_Video_Interactions",
    "type": "INTEGER"
  },
  {
    "mode": "NULLABLE",
    "name": "Header_Buy_Now",
    "type": "INTEGER"
  },
  {
    "mode": "NULLABLE",
    "name": "Add_to_Cart_Retailer_click",
    "type": "INTEGER"
  },
  {
    "mode": "NULLABLE",
    "name": "Homepage_Buy_Now",
    "type": "INTEGER"
  },
  {
    "mode": "NULLABLE",
    "name": "Tips_and_Advice_Buy_Now",
    "type": "INTEGER"
  }
]
