[ 
      {
        "name": "name",
        "type": "STRING",
        "mode": "NULLABLE"
      },
      {
        "name": "code",
        "type": "INTEGER",
        "mode": "NULLABLE"
      },
      {
        "name": "change_tracking_mask",
        "type": "INTEGER",
        "mode": "NULLABLE"
      },
      {
        "name": "retailer_code",
        "type": "STRING",
        "mode": "NULLABLE"
      },
      {
        "name": "retailer_name",
        "type": "STRING",
        "mode": "NULLABLE"
      },
      {
        "name": "retailer_id",
        "type": "STRING",
        "mode": "NULLABLE"
      },
      {
        "name": "sector_code",
        "type": "STRING",
        "mode": "NULLABLE"
      },
      {
        "name": "sector_name",
        "type": "STRING",
        "mode": "NULLABLE"
      },
      {
        "name": "sector_id",
        "type": "INTEGER",
        "mode": "NULLABLE"
      },
      {
        "name": "billing_product_code",
        "type": "STRING",
        "mode": "NULLABLE"
      },
      {
        "name": "billing_product_name",
        "type": "STRING",
        "mode": "NULLABLE"
      },
      {
        "name": "billing_product_id",
        "type": "STRING",
        "mode": "NULLABLE"
      }
]
