[ 
      {
        "name": "COUNTRYCODE",
        "type": "STRING",
        "mode": "NULLABLE"
      },
	  {
        "name": "COUNTRYNAME",
        "type": "STRING",
        "mode": "NULLABLE"
      },
	  {
        "name": "CREATEUPDATE_DATETIME",
        "type": "DATE",
        "mode": "NULLABLE"
      },
	  {
        "name": "REGION",
        "type": "STRING",
        "mode": "NULLABLE"
      },
	  {
        "name": "INDICATOR_FLAG",
        "type": "BOOLEAN",
        "mode": "NULLABLE"
      },
	  {
        "name": "COUNTRY_DESC",
        "type": "STRING",
        "mode": "NULLABLE"
      }
]
