[ 	  {
        "name": "source",
        "type": "STRING",
        "mode": "NULLABLE"
      },
      {
        "name": "Region",
        "type": "STRING",
        "mode": "NULLABLE"
      },
      {
        "name": "brand",
        "type": "STRING",
        "mode": "NULLABLE"
      },
      {
        "name": "Sector",
        "type": "STRING",
        "mode": "NULLABLE"
      },
      {
        "name": "country",
        "type": "STRING",
        "mode": "NULLABLE"
      },
      {
        "name": "campaign_date",
        "type": "DATE",
        "mode": "NULLABLE"
      },
      {
        "name": "Impressions",
        "type": "INTEGER",
        "mode": "NULLABLE"
      },
      {
        "name": "Advertiser",
        "type": "STRING",
        "mode": "NULLABLE"
      },
      {
        "name": "Campaign",
        "type": "STRING",
        "mode": "NULLABLE"
      },
      {
        "name": "Ad",
        "type": "STRING",
        "mode": "NULLABLE"
      },
      {
        "name": "Business_manager",
        "type": "STRING",
        "mode": "NULLABLE"
      },
      {
        "name": "Ads_manager",
        "type": "STRING",
        "mode": "NULLABLE"
      },
      {
        "name": "Portfolio",
        "type": "STRING",
        "mode": "NULLABLE"
      },
      {
        "name": "Ad_group",
        "type": "STRING",
        "mode": "NULLABLE"
      },
      {
        "name": "Placement",
        "type": "STRING",
        "mode": "NULLABLE"
      },
      {
        "name": "Brand_rule",
        "type": "STRING",
        "mode": "NULLABLE"
      },
      {
        "name": "Insertion_order",
        "type": "STRING",
        "mode": "NULLABLE"
      },
      {
        "name": "Advertiser_accuracy",
        "type": "FLOAT",
        "mode": "NULLABLE"
      },
      {
        "name": "Campaign_accuracy",
        "type": "FLOAT",
        "mode": "NULLABLE"
      },
      {
        "name": "Ad_accuracy",
        "type": "FLOAT",
        "mode": "NULLABLE"
      },
      {
        "name": "Business_manager_accuracy",
        "type": "FLOAT",
        "mode": "NULLABLE"
      },
      {
        "name": "Ads_manager_accuracy",
        "type": "FLOAT",
        "mode": "NULLABLE"
      },
      {
        "name": "Portfolio_accuracy",
        "type": "FLOAT",
        "mode": "NULLABLE"
      },
      {
        "name": "Ad_group_accuracy",
        "type": "FLOAT",
        "mode": "NULLABLE"
      },
      {
        "name": "Placement_accuracy",
        "type": "FLOAT",
        "mode": "NULLABLE"
      },
      {
        "name": "Brand_rule_accuracy",
        "type": "FLOAT",
        "mode": "NULLABLE"
      },
      {
        "name": "Insertion_order_accuracy",
        "type": "FLOAT",
        "mode": "NULLABLE"
      },
      {
        "name": "status_Advertiser",
        "type": "STRING",
        "mode": "NULLABLE"
      },
      {
        "name": "status_Campaign",
        "type": "STRING",
        "mode": "NULLABLE"
      },
      {
        "name": "status_Ad",
        "type": "STRING",
        "mode": "NULLABLE"
      },
      {
        "name": "status_Business_manager",
        "type": "STRING",
        "mode": "NULLABLE"
      },
      {
        "name": "status_Ads_manager",
        "type": "STRING",
        "mode": "NULLABLE"
      },
      {
        "name": "status_Portfolio",
        "type": "STRING",
        "mode": "NULLABLE"
      },
      {
        "name": "status_Ad_group",
        "type": "STRING",
        "mode": "NULLABLE"
      },
      {
        "name": "status_Placement",
        "type": "STRING",
        "mode": "NULLABLE"
      },
      {
        "name": "status_Brand_rule",
        "type": "STRING",
        "mode": "NULLABLE"
      },
      {
        "name": "status_Insertion_order",
        "type": "STRING",
        "mode": "NULLABLE"
      },
      {
        "name": "Error_messages",
        "type": "STRING",
        "mode": "NULLABLE"
      },
      {
        "name": "check_datetime",
        "type": "TIMESTAMP",
        "mode": "NULLABLE"
      },
      {
        "name": "source_name",
        "type": "STRING",
        "mode": "NULLABLE"
      },
      {
        "name": "comments",
        "type": "STRING",
        "mode": "NULLABLE"
      },
      {
        "name": "Advertiser_1",
        "type": "STRING",
        "mode": "NULLABLE"
      },
      {
        "name": "Advertiser_2",
        "type": "STRING",
        "mode": "NULLABLE"
      },
      {
        "name": "Campaign_1",
        "type": "STRING",
        "mode": "NULLABLE"
      },
      {
        "name": "Campaign_2",
        "type": "STRING",
        "mode": "NULLABLE"
      },
      {
        "name": "Campaign_3",
        "type": "STRING",
        "mode": "NULLABLE"
      },
      {
        "name": "Campaign_4",
        "type": "STRING",
        "mode": "NULLABLE"
      },
      {
        "name": "Campaign_5",
        "type": "STRING",
        "mode": "NULLABLE"
      },
      {
        "name": "Campaign_6",
        "type": "STRING",
        "mode": "NULLABLE"
      },
      {
        "name": "Campaign_7",
        "type": "STRING",
        "mode": "NULLABLE"
      },
      {
        "name": "Ad_group_1",
        "type": "STRING",
        "mode": "NULLABLE"
      },
      {
        "name": "Ad_group_2",
        "type": "STRING",
        "mode": "NULLABLE"
      },
      {
        "name": "Ad_group_3",
        "type": "STRING",
        "mode": "NULLABLE"
      },
      {
        "name": "Ad_group_4",
        "type": "STRING",
        "mode": "NULLABLE"
      },
      {
        "name": "Ad_group_5",
        "type": "STRING",
        "mode": "NULLABLE"
      },
      {
        "name": "Ad_1",
        "type": "STRING",
        "mode": "NULLABLE"
      },
      {
        "name": "Ad_2",
        "type": "STRING",
        "mode": "NULLABLE"
      },
      {
        "name": "Ad_3",
        "type": "STRING",
        "mode": "NULLABLE"
      },
      {
        "name": "Ad_4",
        "type": "STRING",
        "mode": "NULLABLE"
      },
      {
        "name": "Ad_5",
        "type": "STRING",
        "mode": "NULLABLE"
      },
      {
        "name": "Ad_6",
        "type": "STRING",
        "mode": "NULLABLE"
      }
]
