[ 
      {
        "name": "SOURCE",
        "type": "STRING",
        "mode": "NULLABLE"
      },
      {
        "name": "MEDIA_TYPE",
        "type": "STRING",
        "mode": "NULLABLE"
      },
      {
        "name": "SHOPPER",
        "type": "BOOLEAN",
        "mode": "NULLABLE"
      },
      {
        "name": "DATE",
        "type": "STRING",
        "mode": "NULLABLE"
      },
      {
        "name": "SECTOR",
        "type": "STRING",
        "mode": "NULLABLE"
      },
      {
        "name": "BRAND",
        "type": "STRING",
        "mode": "NULLABLE"
      },
      {
        "name": "BRAND_VARIANT",
        "type": "STRING",
        "mode": "NULLABLE"
      },
      {
        "name": "COMMERCIAL_PROGRAM",
        "type": "STRING",
        "mode": "NULLABLE"
      },
      {
        "name": "DESCRIPTIVE_PROGRAM_NAME",
        "type": "STRING",
        "mode": "NULLABLE"
      },
      {
        "name": "CREATIVE_CODE",
        "type": "STRING",
        "mode": "NULLABLE"
      },
      {
        "name": "CREATIVE_TITLE",
        "type": "STRING",
        "mode": "NULLABLE"
      },
      {
        "name": "CREATIVE_SIZE",
        "type": "STRING",
        "mode": "NULLABLE"
      },
      {
        "name": "LENGTH",
        "type": "STRING",
        "mode": "NULLABLE"
      },
      {
        "name": "CREATIVE_CONCEPT",
        "type": "STRING",
        "mode": "NULLABLE"
      },
      {
        "name": "CTA",
        "type": "STRING",
        "mode": "NULLABLE"
      },
      {
        "name": "RETAILER",
        "type": "STRING",
        "mode": "NULLABLE"
      },
      {
        "name": "KCTD_TACTIC",
        "type": "STRING",
        "mode": "NULLABLE"
      },
      {
        "name": "PLACEMENT_ID",
        "type": "STRING",
        "mode": "NULLABLE"
      },
      {
        "name": "PLACEMENT",
        "type": "STRING",
        "mode": "NULLABLE"
      },
      {
        "name": "ADVERTISER_NAME",
        "type": "STRING",
        "mode": "NULLABLE"
      },
      {
        "name": "SITE_NAME",
        "type": "STRING",
        "mode": "NULLABLE"
      },
      {
        "name": "GENRE",
        "type": "STRING",
        "mode": "NULLABLE"
      },
      {
        "name": "DEMO",
        "type": "STRING",
        "mode": "NULLABLE"
      },
      {
        "name": "ESTIMATE",
        "type": "STRING",
        "mode": "NULLABLE"
      },
      {
        "name": "MARKET",
        "type": "STRING",
        "mode": "NULLABLE"
      },
      {
        "name": "DAYPART",
        "type": "STRING",
        "mode": "NULLABLE"
      },
      {
        "name": "NET_SPEND",
        "type": "FLOAT",
        "mode": "NULLABLE"
      },
      {
        "name": "IMPRESSIONS",
        "type": "INTEGER",
        "mode": "NULLABLE"
      },
      {
        "name": "CLICKS",
        "type": "INTEGER",
        "mode": "NULLABLE"
      },
      {
        "name": "_18_PLUS_TRPS",
        "type": "STRING",
        "mode": "NULLABLE"
      },
      {
        "name": "TD",
        "type": "STRING",
        "mode": "NULLABLE"
      },
      {
        "name": "KEYWORD",
        "type": "INTEGER",
        "mode": "NULLABLE"
      },
      {
        "name": "MATCH_TYPE",
        "type": "STRING",
        "mode": "NULLABLE"
      },
      {
        "name": "CAMPAIGN_TYPE",
        "type": "STRING",
        "mode": "NULLABLE"
      },
      {
        "name": "HISPANIC",
        "type": "STRING",
        "mode": "NULLABLE"
      },
      {
        "name": "AD_FORMAT",
        "type": "STRING",
        "mode": "NULLABLE"
      },
      {
        "name": "DDM",
        "type": "STRING",
        "mode": "NULLABLE"
      },
      {
        "name": "AUDIENCE_ID",
        "type": "STRING",
        "mode": "NULLABLE"
      },
      {
        "name": "AUDIENCE_NAME",
        "type": "STRING",
        "mode": "NULLABLE"
      },
      {
        "name": "LANDING_PAGE_URL",
        "type": "STRING",
        "mode": "NULLABLE"
      },
      {
        "name": "RESTATE_FREQUENCY",
        "type": "STRING",
        "mode": "NULLABLE"
      },
      {
        "name": "MEDIA_TYPE_MDS",
        "type": "STRING",
        "mode": "NULLABLE"
      },
      {
        "name": "SECTOR_MDS",
        "type": "STRING",
        "mode": "NULLABLE"
      },
      {
        "name": "RETAILER_MDS",
        "type": "STRING",
        "mode": "NULLABLE"
      },
      {
        "name": "BRAND_MDS",
        "type": "STRING",
        "mode": "NULLABLE"
      },
      {
        "name": "VIDEO_STARTS",
        "type": "INTEGER",
        "mode": "NULLABLE"
      },
      {
        "name": "VIDEO_FIRST_QUARTILE",
        "type": "INTEGER",
        "mode": "NULLABLE"
      },
      {
        "name": "VIDEO_MIDPOINT",
        "type": "INTEGER",
        "mode": "NULLABLE"
      },
      {
        "name": "VIDEO_THIRD_QUARTILE",
        "type": "INTEGER",
        "mode": "NULLABLE"
      },
      {
        "name": "VIDEO_COMPLETES",
        "type": "INTEGER",
        "mode": "NULLABLE"
      },
      {
        "name": "QUALITY_SCORE",
        "type": "INTEGER",
        "mode": "NULLABLE"
      },
      {
        "name": "TOP_IMPRESSION_SHARE",
        "type": "FLOAT",
        "mode": "NULLABLE"
      },
      {
        "name": "JOURNEY_STAGE",
        "type": "STRING",
        "mode": "NULLABLE"
      },
      {
        "name": "PERSONALIZATION",
        "type": "STRING",
        "mode": "NULLABLE"
      },
      {
        "name": "CAMPAIGN_ID",
        "type": "STRING",
        "mode": "NULLABLE"
      },
      {
        "name": "MEDIA_AUDIENCE_DATA_SOURCE",
        "type": "STRING",
        "mode": "NULLABLE"
      },
      {
        "name": "DATA_TYPE",
        "type": "STRING",
        "mode": "NULLABLE"
      },
      {
        "name": "CREATIVE_AUDIENCE_ID",
        "type": "STRING",
        "mode": "NULLABLE"
      },
      {
        "name": "CREATIVE_AUDIENCE_NAME",
        "type": "STRING",
        "mode": "NULLABLE"
      },
      {
        "name": "CLAIM",
        "type": "STRING",
        "mode": "NULLABLE"
      },
      {
        "name": "PERSONALIZATION_1",
        "type": "STRING",
        "mode": "NULLABLE"
      },
      {
        "name": "PERSONALIZATION_2",
        "type": "STRING",
        "mode": "NULLABLE"
      },
      {
        "name": "PERSONALIZATION_3",
        "type": "STRING",
        "mode": "NULLABLE"
      },
      {
        "name": "AVERAGE_POSITION",
        "type": "INTEGER",
        "mode": "NULLABLE"
      },
      {
        "name": "KEYWORD_TEXT",
        "type": "STRING",
        "mode": "NULLABLE"
      },
      {
        "name": "KEYWORD_MATCH_TYPE",
        "type": "STRING",
        "mode": "NULLABLE"
      },
      {
        "name": "DEVICE",
        "type": "STRING",
        "mode": "NULLABLE"
      },
      {
        "name": "DI_FILENAME",
        "type": "STRING",
        "mode": "NULLABLE"
      },
      {
        "name": "LOAD_DATETIME",
        "type": "TIMESTAMP",
        "mode": "NULLABLE"
      }
]
