[
  {
    "name": "SOURCE",
    "type": "STRING"
  },
  {
    "name": "MEDIA_TYPE",
    "type": "STRING"
  },
  {
    "name": "SHOPPER",
    "type": "STRING"
  },
  {
    "name": "QUALITY_SCORE",
    "type": "STRING"
  },
  {
    "name": "SITE_NAME",
    "type": "STRING"
  },
  {
    "name": "SECTOR",
    "type": "STRING"
  },
  {
    "name": "BRAND",
    "type": "STRING"
  },
  {
    "name": "BRAND_VARIANT",
    "type": "STRING"
  },
  {
    "name": "CAMPAIGN_TYPE",
    "type": "STRING"
  },
  {
    "name": "MATCH_TYPE",
    "type": "STRING"
  },
  {
    "name": "AD_FORMAT",
    "type": "STRING"
  },
  {
    "name": "PLACEMENT",
    "type": "STRING"
  },
  {
    "name": "KEYWORD",
    "type": "STRING"
  },
  {
    "name": "LANDING_PAGE_URL",
    "type": "STRING"
  },
  {
    "name": "YEAR",
    "type": "INTEGER"
  },
  {
    "name": "MONTH",
    "type": "INTEGER"
  },
  {
    "name": "YEAR_MON",
    "type": "STRING"
  },
  {
    "name": "CONSTANT",
    "type": "STRING"
  },
  {
    "name": "QUALITY_SCORE_CATEGORY",
    "type": "STRING"
  },
  {
    "name": "KEYWORD_CLEANED",
    "type": "STRING"
  },
  {
    "name": "TOP_IMPRESSION_SHARE",
    "type": "FLOAT"
  },
  {
    "name": "TOTAL_IMPRESSIONS",
    "type": "FLOAT"
  },
  {
    "name": "CLICKS_CM",
    "type": "INTEGER"
  },
  {
    "name": "IMPRESSIONS_CM",
    "type": "INTEGER"
  },
  {
    "name": "NET_SPEND_CM",
    "type": "FLOAT"
  },
  {
    "name": "CLICKS",
    "type": "INTEGER"
  },
  {
    "name": "IMPRESSIONS",
    "type": "INTEGER"
  },
  {
    "name": "NET_SPEND",
    "type": "FLOAT"
  },
  {
    "name": "CLICK_THROUGH_RATE",
    "type": "FLOAT"
  },
  {
    "name": "COST_PER_CLICK",
    "type": "FLOAT"
  },
  {
    "name": "CM_START_DT",
    "type": "DATE"
  },
  {
    "name": "CM_END_DT",
    "type": "DATE"
  },
  {
    "name": "IMPRESSIONS_FILTERED",
    "type": "INTEGER"
  },
  {
    "mode": "NULLABLE",
    "name": "Personalization",
    "type": "STRING"
  },
  {
    "mode": "NULLABLE",
    "name": "Media_Audience_Name",
    "type": "STRING"
  },
  {
    "mode": "NULLABLE",
    "name": "Lost_IS_Percent_Budget",
    "type": "STRING"
  },
  {
    "mode": "NULLABLE",
    "name": "Lost_IS_Percent_Rank",
    "type": "STRING"
  },
  {
    "mode": "NULLABLE",
    "name": "Moat_GroupmPayableImpressions",
    "type": "STRING"
  },
  {
    "mode": "NULLABLE",
    "name": "Moat_ImpressionsAnalyzed",
    "type": "STRING"
  },
  {
    "mode": "NULLABLE",
    "name": "Moat_ImpressionsAnalyzedUnfiltered",
    "type": "STRING"
  },
  {
    "mode": "NULLABLE",
    "name": "Moat_MeasurableImpressions",
    "type": "STRING"
  },
  {
    "mode": "NULLABLE",
    "name": "Moat_SmallPlayerImpressions",
    "type": "STRING"
  },
  {
    "mode": "NULLABLE",
    "name": "Moat_ViewableImpressions",
    "type": "STRING"
  },
  {
    "mode": "NULLABLE",
    "name": "Moat_AttentionQuality",
    "type": "STRING"
  },
  {
    "mode": "NULLABLE",
    "name": "Moat_TimeUntilScroll",
    "type": "STRING"
  },
  {
    "mode": "NULLABLE",
    "name": "Moat_ActivePageDwellTime",
    "type": "STRING"
  },
  {
    "mode": "NULLABLE",
    "name": "Moat_ScreenRealEstate",
    "type": "STRING"
  },
  {
    "mode": "NULLABLE",
    "name": "Moat_AverageHistoryLength",
    "type": "STRING"
  },
  {
    "mode": "NULLABLE",
    "name": "Moat_HoverRate",
    "type": "STRING"
  },
  {
    "mode": "NULLABLE",
    "name": "Moat_PassthroughRate",
    "type": "STRING"
  },
  {
    "mode": "NULLABLE",
    "name": "Moat_TimeUntilHover",
    "type": "STRING"
  },
  {
    "mode": "NULLABLE",
    "name": "Moat_InViewTime",
    "type": "STRING"
  }
]