[ 	  {
        "name": "BRAND_NAME",
        "type": "STRING",
        "mode": "NULLABLE"
      },
      {
        "name": "CAMPAIGN_END_DATE",
        "type": "DATE",
        "mode": "NULLABLE"
      },
      {
        "name": "CAMPAIGN_NAME",
        "type": "STRING",
        "mode": "NULLABLE"
      },
      {
        "name": "CAMPAIGN_START_DATE",
        "type": "DATE",
        "mode": "NULLABLE"
      },
      {
        "name": "CHANNEL",
        "type": "STRING",
        "mode": "NULLABLE"
      },
      {
        "name": "DATE",
        "type": "DATE",
        "mode": "NULLABLE"
      },
      {
        "name": "DAYS_BETWEEN",
        "type": "INTEGER",
        "mode": "NULLABLE"
      },
      {
        "name": "FLUIDITY",
        "type": "STRING",
        "mode": "NULLABLE"
      },
      {
        "name": "OLA_OLV",
        "type": "STRING",
        "mode": "NULLABLE"
      },
      {
        "name": "RETAILER",
        "type": "STRING",
        "mode": "NULLABLE"
      },
      {
        "name": "SECTOR",
        "type": "STRING",
        "mode": "NULLABLE"
      },
      {
        "name": "SHOPPER",
        "type": "STRING",
        "mode": "NULLABLE"
      },
      {
        "name": "WORKING",
        "type": "STRING",
        "mode": "NULLABLE"
      },
      {
        "name": "COST_PER_DAY",
        "type": "FLOAT",
        "mode": "NULLABLE"
      },
      {
        "name": "PLANNED_COST",
        "type": "FLOAT",
        "mode": "NULLABLE"
      }
]
