[ 
      {
        "name": "SOURCE",
        "type": "STRING",
        "mode": "NULLABLE"
      },
      {
        "name": "MEDIA_TYPE",
        "type": "STRING",
        "mode": "NULLABLE"
      },
      {
        "name": "SECTOR",
        "type": "STRING",
        "mode": "NULLABLE"
      },
      {
        "name": "BRAND",
        "type": "STRING",
        "mode": "NULLABLE"
      },
      {
        "name": "RETAILER",
        "type": "STRING",
        "mode": "NULLABLE"
      },
      {
        "name": "SITE_NAME",
        "type": "STRING",
        "mode": "NULLABLE"
      },
      {
        "name": "AD_FORMAT",
        "type": "STRING",
        "mode": "NULLABLE"
      },
      {
        "name": "DATE",
        "type": "DATE",
        "mode": "NULLABLE"
      },
      {
        "name": "YEAR",
        "type": "INTEGER",
        "mode": "NULLABLE"
      },
      {
        "name": "QUARTER",
        "type": "INTEGER",
        "mode": "NULLABLE"
      },
      {
        "name": "MONTH",
        "type": "INTEGER",
        "mode": "NULLABLE"
      },
      {
        "name": "WEEK",
        "type": "INTEGER",
        "mode": "NULLABLE"
      },
      {
        "name": "CAMPAIGN_TYPE",
        "type": "STRING",
        "mode": "NULLABLE"
      },
      {
        "name": "SHOPPER",
        "type": "STRING",
        "mode": "NULLABLE"
      },
      {
        "name": "BRAND_VARIANT",
        "type": "STRING",
        "mode": "NULLABLE"
      },
      {
        "name": "CONSTANT",
        "type": "STRING",
        "mode": "NULLABLE"
      },
      {
        "name": "KEYWORD",
        "type": "STRING",
        "mode": "NULLABLE"
      },
      {
        "name": "CLICKS",
        "type": "INTEGER",
        "mode": "NULLABLE"
      },
      {
        "name": "IMPRESSIONS",
        "type": "INTEGER",
        "mode": "NULLABLE"
      },
      {
        "name": "NET_SPEND",
        "type": "FLOAT",
        "mode": "NULLABLE"
      },
      {
        "name": "CLICK_THROUGH_RATE",
        "type": "FLOAT",
        "mode": "NULLABLE"
      },
      {
        "name": "COST_PER_CLICK",
        "type": "FLOAT",
        "mode": "NULLABLE"
      },
      {
        "name": "REV",
        "type": "FLOAT",
        "mode": "NULLABLE"
      },
      {
        "name": "ADVERTISER_NAME",
        "type": "STRING",
        "mode": "NULLABLE"
      },
      {
        "name": "DESCRIPTIVE_PROGRAM_NAME",
        "type": "STRING",
        "mode": "NULLABLE"
      },
      {
        "name": "LANDING_PAGE_URL",
        "type": "STRING",
        "mode": "NULLABLE"
      },
      {
        "name": "NETWORK",
        "type": "STRING",
        "mode": "NULLABLE"
      },
      {
        "name": "STATUS",
        "type": "STRING",
        "mode": "NULLABLE"
      },
      {
        "name": "AMS_AD_TYPE",
        "type": "STRING",
        "mode": "NULLABLE"
      },
      {
        "name": "AMS_BRAND_OR_NB",
        "type": "STRING",
        "mode": "NULLABLE"
      },
      {
        "name": "ADGROUP_NAME",
        "type": "STRING",
        "mode": "NULLABLE"
      },
      {
        "name": "ACCOUNT_NAME",
        "type": "STRING",
        "mode": "NULLABLE"
      },
      {
        "name": "ADGROUP_ID",
        "type": "STRING",
        "mode": "NULLABLE"
      },
      {
        "name": "ADGROUP_ID_IN_KENSHOO",
        "type": "STRING",
        "mode": "NULLABLE"
      },
      {
        "name": "ADGROUP_STATUS",
        "type": "STRING",
        "mode": "NULLABLE"
      },
      {
        "name": "BID",
        "type": "STRING",
        "mode": "NULLABLE"
      },
      {
        "name": "CAMPAIGN_ID",
        "type": "STRING",
        "mode": "NULLABLE"
      },
      {
        "name": "CAMPAIGN_STATUS",
        "type": "STRING",
        "mode": "NULLABLE"
      },
      {
        "name": "KEYWORD_ID",
        "type": "STRING",
        "mode": "NULLABLE"
      },
      {
        "name": "MATCH_TYPE",
        "type": "STRING",
        "mode": "NULLABLE"
      },
      {
        "name": "MIN_BID",
        "type": "STRING",
        "mode": "NULLABLE"
      },
      {
        "name": "PLACEMENT",
        "type": "STRING",
        "mode": "NULLABLE"
      },
      {
        "name": "AVG_CPC",
        "type": "FLOAT",
        "mode": "NULLABLE"
      },
      {
        "name": "AVG_POS",
        "type": "FLOAT",
        "mode": "NULLABLE"
      },
      {
        "name": "CONV_RATE",
        "type": "FLOAT",
        "mode": "NULLABLE"
      },
      {
        "name": "COST_CONV",
        "type": "FLOAT",
        "mode": "NULLABLE"
      },
      {
        "name": "CTR",
        "type": "FLOAT",
        "mode": "NULLABLE"
      },
      {
        "name": "IMP_SHARE",
        "type": "FLOAT",
        "mode": "NULLABLE"
      },
      {
        "name": "ROI",
        "type": "FLOAT",
        "mode": "NULLABLE"
      },
      {
        "name": "CONV",
        "type": "FLOAT",
        "mode": "NULLABLE"
      }
]
