[
  {
    "name": "ADVERTISER_NAME",
    "type": "STRING"
  },
  {
    "name": "AUDIENCE_ID",
    "type": "STRING"
  },
  {
    "name": "AUDIENCE_NAME",
    "type": "STRING"
  },
  {
    "name": "BRAND",
    "type": "STRING"
  },
  {
    "name": "BRAND_VARIANT",
    "type": "STRING"
  },
  {
    "name": "CAMPAIGN",
    "type": "STRING"
  },
  {
    "name": "CAMPAIGN_TYPE",
    "type": "STRING"
  },
  {
    "name": "CLICK_THROUGH_RATE",
    "type": "FLOAT"
  },
  {
    "name": "CLICKS",
    "type": "INTEGER"
  },
  {
    "name": "COST_PER_CLICK",
    "type": "FLOAT"
  },
  {
    "name": "COST_PERTHOUSANT_IMPRESSIONS",
    "type": "FLOAT"
  },
  {
    "name": "CREATIVE_CONCEPT",
    "type": "STRING"
  },
  {
    "name": "CREATIVE_SIZE",
    "type": "STRING"
  },
  {
    "name": "CREATIVE_TITLE",
    "type": "STRING"
  },
  {
    "name": "CTA",
    "type": "STRING"
  },
  {
    "name": "DATE",
    "type": "DATE"
  },
  {
    "name": "DDM",
    "type": "STRING"
  },
  {
    "name": "DDM_SPEND",
    "type": "FLOAT"
  },
  {
    "name": "DDM_SPEND_PRCT",
    "type": "FLOAT"
  },
  {
    "name": "DESCRIPTIVE_PROGRAM_NAME",
    "type": "STRING"
  },
  {
    "name": "IMPRESSIONS",
    "type": "INTEGER"
  },
  {
    "name": "KCTD_TACTIC",
    "type": "STRING"
  },
  {
    "name": "MEDIA_TYPE",
    "type": "STRING"
  },
  {
    "name": "NET_SPEND",
    "type": "FLOAT"
  },
  {
    "name": "PLACEMENT_ID",
    "type": "STRING"
  },
  {
    "name": "PLACEMENT",
    "type": "STRING"
  },
  {
    "name": "SECTOR",
    "type": "STRING"
  },
  {
    "name": "SITE_NAME",
    "type": "STRING"
  },
  {
    "name": "SOURCE",
    "type": "STRING"
  },
  {
    "name": "VIDEO_COMPLETES",
    "type": "INTEGER"
  },
  {
    "name": "VIDEO_FIRST_QUARTILE",
    "type": "INTEGER"
  },
  {
    "name": "VIDEO_MID_POINT",
    "type": "INTEGER"
  },
  {
    "name": "VIDEO_STARTS",
    "type": "INTEGER"
  },
  {
    "name": "VIDEO_THIRD_QUARTILE",
    "type": "INTEGER"
  },
  {
    "mode": "NULLABLE",
    "name": "Personalization",
    "type": "STRING"
  },
  {
    "mode": "NULLABLE",
    "name": "Lost_IS_Percent_Budget",
    "type": "STRING"
  },
  {
    "mode": "NULLABLE",
    "name": "Lost_IS_Percent_Rank",
    "type": "STRING"
  },
  {
    "mode": "NULLABLE",
    "name": "Moat_GroupmPayableImpressions",
    "type": "STRING"
  },
  {
    "mode": "NULLABLE",
    "name": "Moat_ImpressionsAnalyzed",
    "type": "STRING"
  },
  {
    "mode": "NULLABLE",
    "name": "Moat_ImpressionsAnalyzedUnfiltered",
    "type": "STRING"
  },
  {
    "mode": "NULLABLE",
    "name": "Moat_MeasurableImpressions",
    "type": "STRING"
  },
  {
    "mode": "NULLABLE",
    "name": "Moat_SmallPlayerImpressions",
    "type": "STRING"
  },
  {
    "mode": "NULLABLE",
    "name": "Moat_ViewableImpressions",
    "type": "STRING"
  },
  {
    "mode": "NULLABLE",
    "name": "Moat_AttentionQuality",
    "type": "STRING"
  },
  {
    "mode": "NULLABLE",
    "name": "Moat_TimeUntilScroll",
    "type": "STRING"
  },
  {
    "mode": "NULLABLE",
    "name": "Moat_ActivePageDwellTime",
    "type": "STRING"
  },
  {
    "mode": "NULLABLE",
    "name": "Moat_ScreenRealEstate",
    "type": "STRING"
  },
  {
    "mode": "NULLABLE",
    "name": "Moat_AverageHistoryLength",
    "type": "STRING"
  },
  {
    "mode": "NULLABLE",
    "name": "Moat_HoverRate",
    "type": "STRING"
  },
  {
    "mode": "NULLABLE",
    "name": "Moat_PassthroughRate",
    "type": "STRING"
  },
  {
    "mode": "NULLABLE",
    "name": "Moat_TimeUntilHover",
    "type": "STRING"
  },
  {
    "mode": "NULLABLE",
    "name": "Moat_InViewTime",
    "type": "STRING"
  }
]