[ 
      {
        "name": "CAMPAIGN_NAME",
        "type": "STRING",
        "mode": "NULLABLE"
      },
      {
        "name": "CAMPAIGN_START_DATE",
        "type": "DATE",
        "mode": "NULLABLE"
      },
      {
        "name": "CAMPAIGN_END_DATE",
        "type": "DATE",
        "mode": "NULLABLE"
      },
      {
        "name": "WORKING",
        "type": "STRING",
        "mode": "NULLABLE"
      },
      {
        "name": "SHOPPER",
        "type": "BOOLEAN",
        "mode": "NULLABLE"
      },
      {
        "name": "FLUIDITY",
        "type": "BOOLEAN",
        "mode": "NULLABLE"
      },
      {
        "name": "CHANNEL",
        "type": "STRING",
        "mode": "NULLABLE"
      },
      {
        "name": "OLA_OLV",
        "type": "STRING",
        "mode": "NULLABLE"
      },
      {
        "name": "RETAILER",
        "type": "STRING",
        "mode": "NULLABLE"
      },
      {
        "name": "BRAND_NAME",
        "type": "STRING",
        "mode": "NULLABLE"
      },
      {
        "name": "PLANNED_COST",
        "type": "FLOAT",
        "mode": "NULLABLE"
      },
      {
        "name": "LOAD_DATETIME",
        "type": "TIMESTAMP",
        "mode": "NULLABLE"
      }
]
