[
  {
    "name": "Date",
    "type": "DATE"
  },
  {
    "name": "Source",
    "type": "STRING"
  },
  {
    "name": "Campaign_Id",
    "type": "STRING"
  },
  {
    "name": "Commercial_Program",
    "type": "STRING"
  },
  {
    "name": "Site_Name",
    "type": "STRING"
  },
  {
    "name": "Placement_Id",
    "type": "STRING"
  },
  {
    "name": "Placement",
    "type": "STRING"
  },
  {
    "name": "Creative_Code",
    "type": "STRING"
  },
  {
    "name": "Creative_Title",
    "type": "STRING"
  },
  {
    "name": "Net_Spend",
    "type": "FLOAT"
  },
  {
    "name": "Impressions",
    "type": "INTEGER"
  },
  {
    "name": "Clicks",
    "type": "INTEGER"
  },
  {
    "name": "Video_Starts",
    "type": "INTEGER"
  },
  {
    "name": "Video_First_Quartile",
    "type": "INTEGER"
  },
  {
    "name": "Video_Mid_Point",
    "type": "INTEGER"
  },
  {
    "name": "Video_Third_Quartile",
    "type": "INTEGER"
  },
  {
    "name": "Video_Completes",
    "type": "INTEGER"
  },
  {
    "name": "TD",
    "type": "STRING"
  },
  {
    "name": "Sector",
    "type": "STRING"
  },
  {
    "name": "Brand",
    "type": "STRING"
  },
  {
    "name": "Media_Type",
    "type": "STRING"
  },
  {
    "name": "Audience_ID",
    "type": "STRING"
  },
  {
    "name": "Audience_Name",
    "type": "STRING"
  },
  {
    "name": "Media_Audience_Data_Source",
    "type": "STRING"
  },
  {
    "name": "Brand_Variant",
    "type": "STRING"
  },
  {
    "name": "Journey_Stage",
    "type": "STRING"
  },
  {
    "name": "Data_Type",
    "type": "STRING"
  },
  {
    "name": "Ad_Format",
    "type": "STRING"
  },
  {
    "name": "KCTD_Tactic",
    "type": "STRING"
  },
  {
    "name": "Creative_Size",
    "type": "STRING"
  },
  {
    "name": "Creative_Concept",
    "type": "STRING"
  },
  {
    "name": "Landing_page_URL",
    "type": "STRING"
  },
  {
    "name": "Length",
    "type": "STRING"
  },
  {
    "name": "CTA",
    "type": "STRING"
  },
  {
    "name": "Retailer",
    "type": "STRING"
  },
  {
    "name": "Shopper",
    "type": "STRING"
  },
  {
    "name": "Hispanic",
    "type": "STRING"
  },
  {
    "name": "Creative_Audience_ID",
    "type": "STRING"
  },
  {
    "name": "Creative_Audience_Name",
    "type": "STRING"
  },
  {
    "name": "Claim",
    "type": "STRING"
  },
  {
    "name": "Personalization_1",
    "type": "STRING"
  },
  {
    "name": "Personalization_2",
    "type": "STRING"
  },
  {
    "name": "Personalization_3",
    "type": "STRING"
  },
  {
    "name": "Average_Position",
    "type": "STRING"
  },
  {
    "name": "Quality_Score",
    "type": "INTEGER"
  },
  {
    "name": "Top_Impression_Share",
    "type": "FLOAT"
  },
  {
    "name": "Campaign_Type",
    "type": "STRING"
  },
  {
    "name": "Match_Type",
    "type": "STRING"
  },
  {
    "name": "Keyword",
    "type": "STRING"
  },
  {
    "name": "Keyword_Text",
    "type": "STRING"
  },
  {
    "name": "Keyword_Match_Type",
    "type": "STRING"
  },
  {
    "name": "Device",
    "type": "STRING"
  },
  {
    "name": "Genre",
    "type": "STRING"
  },
  {
    "name": "Estimate",
    "type": "STRING"
  },
  {
    "name": "Daypart",
    "type": "STRING"
  },
  {
    "name": "_18_Plus_Trps",
    "type": "STRING"
  },
  {
    "name": "Restate_Frequecy",
    "type": "STRING"
  },
  {
    "name": "Advertiser_Name",
    "type": "STRING"
  },
  {
    "name": "SECTOR_MDS",
    "type": "STRING"
  },
  {
    "name": "MEDIA_TYPE_MDS",
    "type": "STRING"
  },
  {
    "name": "RETAILER_MDS",
    "type": "STRING"
  },
  {
    "name": "BRAND_MDS",
    "type": "STRING"
  },
  {
    "name": "Demo",
    "type": "STRING"
  },
  {
    "name": "Market",
    "type": "STRING"
  },
  {
    "name": "DDM",
    "type": "STRING"
  },
  {
    "name": "Descriptive_Program_Name",
    "type": "STRING"
  },
  {
    "name": "Personalization",
    "type": "STRING"
  },
  {
    "mode": "NULLABLE",
    "name": "Lost_IS_Percent_Budget",
    "type": "STRING"
  },
  {
    "mode": "NULLABLE",
    "name": "Lost_IS_Percent_Rank",
    "type": "STRING"
  },
  {
    "mode": "NULLABLE",
    "name": "Moat_GroupmPayableImpressions",
    "type": "STRING"
  },
  {
    "mode": "NULLABLE",
    "name": "Moat_ImpressionsAnalyzed",
    "type": "STRING"
  },
  {
    "mode": "NULLABLE",
    "name": "Moat_ImpressionsAnalyzedUnfiltered",
    "type": "STRING"
  },
  {
    "mode": "NULLABLE",
    "name": "Moat_MeasurableImpressions",
    "type": "STRING"
  },
  {
    "mode": "NULLABLE",
    "name": "Moat_SmallPlayerImpressions",
    "type": "STRING"
  },
  {
    "mode": "NULLABLE",
    "name": "Moat_ViewableImpressions",
    "type": "STRING"
  },
  {
    "mode": "NULLABLE",
    "name": "Moat_AttentionQuality",
    "type": "STRING"
  },
  {
    "mode": "NULLABLE",
    "name": "Moat_TimeUntilScroll",
    "type": "STRING"
  },
  {
    "mode": "NULLABLE",
    "name": "Moat_ActivePageDwellTime",
    "type": "STRING"
  },
  {
    "mode": "NULLABLE",
    "name": "Moat_ScreenRealEstate",
    "type": "STRING"
  },
  {
    "mode": "NULLABLE",
    "name": "Moat_AverageHistoryLength",
    "type": "STRING"
  },
  {
    "mode": "NULLABLE",
    "name": "Moat_HoverRate",
    "type": "STRING"
  },
  {
    "mode": "NULLABLE",
    "name": "Moat_PassthroughRate",
    "type": "STRING"
  },
  {
    "mode": "NULLABLE",
    "name": "Moat_TimeUntilHover",
    "type": "STRING"
  },
  {
    "mode": "NULLABLE",
    "name": "Moat_InViewTime",
    "type": "STRING"
  }
]