[ 
      {
        "name": "campaign_name",
        "type": "STRING",
        "mode": "NULLABLE"
      },
      {
        "name": "campaign_start_date",
        "type": "STRING",
        "mode": "NULLABLE"
      },
      {
        "name": "campaign_end_date",
        "type": "STRING",
        "mode": "NULLABLE"
      },
      {
        "name": "working",
        "type": "STRING",
        "mode": "NULLABLE"
      },
      {
        "name": "shopper",
        "type": "STRING",
        "mode": "NULLABLE"
      },
      {
        "name": "fluidity",
        "type": "STRING",
        "mode": "NULLABLE"
      },
      {
        "name": "channel",
        "type": "STRING",
        "mode": "NULLABLE"
      },
      {
        "name": "ola_olv",
        "type": "STRING",
        "mode": "NULLABLE"
      },
      {
        "name": "retailer",
        "type": "STRING",
        "mode": "NULLABLE"
      },
      {
        "name": "brand_name",
        "type": "STRING",
        "mode": "NULLABLE"
      },
      {
        "name": "planned_cost",
        "type": "FLOAT",
        "mode": "NULLABLE"
      }
]
