[
      {
        "name": "Date",
        "type": "DATE",
        "mode": "NULLABLE"
      },
      {
        "name": "Region",
        "type": "STRING",
        "mode": "NULLABLE"
      },
      {
        "name": "Country",
        "type": "STRING",
        "mode": "NULLABLE"
      },
      {
        "name": "Brand",
        "type": "STRING",
        "mode": "NULLABLE"
      },
      {
        "name": "Sector",
        "type": "STRING",
        "mode": "NULLABLE"
      },
      {
        "name": "Media_Type",
        "type": "STRING",
        "mode": "NULLABLE"
      },
      {
        "name": "Account_Id",
        "type": "STRING",
        "mode": "NULLABLE"
      },
      {
        "name": "Account_Name",
        "type": "STRING",
        "mode": "NULLABLE"
      },
      {
        "name": "Campaign",
        "type": "STRING",
        "mode": "NULLABLE"
      },
      {
        "name": "Ad_Group",
        "type": "STRING",
        "mode": "NULLABLE"
      },
      {
        "name": "Keyword",
        "type": "STRING",
        "mode": "NULLABLE"
      },
      {
        "name": "Network",
        "type": "STRING",
        "mode": "NULLABLE"
      },
      {
        "name": "Network_With_Search_Param",
        "type": "STRING",
        "mode": "NULLABLE"
      },
      {
        "name": "Device",
        "type": "STRING",
        "mode": "NULLABLE"
      },
      {
        "name": "Impressions",
        "type": "INTEGER",
        "mode": "NULLABLE"
      },
      {
        "name": "Clicks",
        "type": "INTEGER",
        "mode": "NULLABLE"
      },
      {
        "name": "Interactions",
        "type": "INTEGER",
        "mode": "NULLABLE"
      },
      {
        "name": "Engagements",
        "type": "INTEGER",
        "mode": "NULLABLE"
      },
      {
        "name": "Cost",
        "type": "FLOAT",
        "mode": "NULLABLE"
      },
      {
        "name": "Quality_Score",
        "type": "STRING",
        "mode": "NULLABLE"
      },
      {
        "name": "Landing_Page",
        "type": "STRING",
        "mode": "NULLABLE"
      },
      {
        "name": "Impression_Share",
        "type": "STRING",
        "mode": "NULLABLE"
      },
      {
        "name": "Creative_Name",
        "type": "STRING",
        "mode": "NULLABLE"
      },
      {
        "name": "Creative_Size",
        "type": "STRING",
        "mode": "NULLABLE"
      },
      {
        "name": "Creative_Type",
        "type": "STRING",
        "mode": "NULLABLE"
      },
      {
        "name": "Placement",
        "type": "STRING",
        "mode": "NULLABLE"
      },
      {
        "name": "Advertiser_ID",
        "type": "STRING",
        "mode": "NULLABLE"
      },
      {
        "name": "Advertiser",
        "type": "STRING",
        "mode": "NULLABLE"
      },
      {
        "name": "Campaign_ID",
        "type": "STRING",
        "mode": "NULLABLE"
      },
      {
        "name": "Activity",
        "type": "STRING",
        "mode": "NULLABLE"
      },
      {
        "name": "Video_Views",
        "type": "INTEGER",
        "mode": "NULLABLE"
      },
      {
        "name": "Video_Plays",
        "type": "INTEGER",
        "mode": "NULLABLE"
      },
      {
        "name": "Video_Watch_25_Percent",
        "type": "INTEGER",
        "mode": "NULLABLE"
      },
      {
        "name": "Video_Watch_50_Percent",
        "type": "INTEGER",
        "mode": "NULLABLE"
      },
      {
        "name": "Video_Watch_75_Percent",
        "type": "INTEGER",
        "mode": "NULLABLE"
      },
      {
        "name": "Video_Watch_100_Percent",
        "type": "INTEGER",
        "mode": "NULLABLE"
      },
      {
        "name": "Conversions",
        "type": "FLOAT",
        "mode": "NULLABLE"
      },
      {
        "name": "Ad_Set",
        "type": "STRING",
        "mode": "NULLABLE"
      },
      {
        "name": "Ad_Set_ID",
        "type": "STRING",
        "mode": "NULLABLE"
      },
      {
        "name": "Ad_Name",
        "type": "STRING",
        "mode": "NULLABLE"
      },
      {
        "name": "Ad_ID",
        "type": "STRING",
        "mode": "NULLABLE"
      },
      {
        "name": "Objective",
        "type": "STRING",
        "mode": "NULLABLE"
      },
      {
        "name": "Platform",
        "type": "STRING",
        "mode": "NULLABLE"
      },
      {
        "name": "Adset_Geo_Targeting",
        "type": "STRING",
        "mode": "NULLABLE"
      },
      {
        "name": "Adset_Target_Platform",
        "type": "STRING",
        "mode": "NULLABLE"
      },
      {
        "name": "Adset_Locales",
        "type": "STRING",
        "mode": "NULLABLE"
      },
      {
        "name": "Impression_Device",
        "type": "STRING",
        "mode": "NULLABLE"
      },
      {
        "name": "Video_Watch_30_sec",
        "type": "INTEGER",
        "mode": "NULLABLE"
      },
      {
        "name": "LoadTime",
        "type": "DATETIME",
        "mode": "NULLABLE"
      },
      {
        "name": "Data_Category",
        "type": "STRING",
        "mode": "NULLABLE"
      },
      {
        "name": "Average_Cpc",
        "type": "FLOAT",
        "mode": "NULLABLE"
      },
      {
        "name": "Cost_Per_Conversion",
        "type": "FLOAT",
        "mode": "NULLABLE"
      },
      {
        "name": "Ctr",
        "type": "FLOAT",
        "mode": "NULLABLE"
      },
      {
        "name": "Quality_Ranking",
        "type": "STRING",
        "mode": "NULLABLE"
      },
      {
        "name": "Advertiser_1",
        "type": "STRING",
        "mode": "NULLABLE"
      },
      {
        "name": "Advertiser_2",
        "type": "STRING",
        "mode": "NULLABLE"
      },
      {
        "name": "Campaign_1",
        "type": "STRING",
        "mode": "NULLABLE"
      },
      {
        "name": "Campaign_2",
        "type": "STRING",
        "mode": "NULLABLE"
      },
      {
        "name": "Campaign_3",
        "type": "STRING",
        "mode": "NULLABLE"
      },
      {
        "name": "Campaign_4",
        "type": "STRING",
        "mode": "NULLABLE"
      },
      {
        "name": "Campaign_5",
        "type": "STRING",
        "mode": "NULLABLE"
      },
      {
        "name": "Campaign_6",
        "type": "STRING",
        "mode": "NULLABLE"
      },
      {
        "name": "Campaign_7",
        "type": "STRING",
        "mode": "NULLABLE"
      },
      {
        "name": "Ad_group_1",
        "type": "STRING",
        "mode": "NULLABLE"
      },
      {
        "name": "Ad_group_2",
        "type": "STRING",
        "mode": "NULLABLE"
      },
      {
        "name": "Ad_group_3",
        "type": "STRING",
        "mode": "NULLABLE"
      },
      {
        "name": "Ad_group_4",
        "type": "STRING",
        "mode": "NULLABLE"
      },
      {
        "name": "Ad_group_5",
        "type": "STRING",
        "mode": "NULLABLE"
      },
      {
        "name": "Creative_1",
        "type": "STRING",
        "mode": "NULLABLE"
      },
      {
        "name": "Creative_2",
        "type": "STRING",
        "mode": "NULLABLE"
      },
      {
        "name": "Creative_3",
        "type": "STRING",
        "mode": "NULLABLE"
      },
      {
        "name": "Creative_4",
        "type": "STRING",
        "mode": "NULLABLE"
      },
      {
        "name": "Creative_5",
        "type": "STRING",
        "mode": "NULLABLE"
      },
      {
        "name": "Creative_6",
        "type": "STRING",
        "mode": "NULLABLE"
      },
      {
        "name": "status_Advertiser",
        "type": "STRING",
        "mode": "NULLABLE"
      },
      {
        "name": "status_Campaign",
        "type": "STRING",
        "mode": "NULLABLE"
      },
      {
        "name": "status_Ad",
        "type": "STRING",
        "mode": "NULLABLE"
      },
      {
        "name": "status_Business_manager",
        "type": "STRING",
        "mode": "NULLABLE"
      },
      {
        "name": "status_Ads_manager",
        "type": "STRING",
        "mode": "NULLABLE"
      },
      {
        "name": "status_Portfolio",
        "type": "STRING",
        "mode": "NULLABLE"
      },
      {
        "name": "status_Ad_group",
        "type": "STRING",
        "mode": "NULLABLE"
      },
      {
        "name": "status_Placement",
        "type": "STRING",
        "mode": "NULLABLE"
      },
      {
        "name": "status_Brand_rule",
        "type": "STRING",
        "mode": "NULLABLE"
      }
]