[
  {
    "name": "country",
    "type": "STRING",
    "mode": "NULLABLE"
  },
  {
    "name": "datalevel",
    "type": "STRING",
    "mode": "NULLABLE"
  },
  {
    "name": "sector",
    "type": "STRING",
    "mode": "NULLABLE"
  },
  {
    "name": "category",
    "type": "STRING",
    "mode": "NULLABLE"
  },
  {
    "name": "manufacturer",
    "type": "STRING",
    "mode": "NULLABLE"
  },
  {
    "name": "brand",
    "type": "STRING",
    "mode": "NULLABLE"
  },
  {
    "name": "mat_ending",
    "type": "STRING",
    "mode": "NULLABLE"
  },
  {
    "name": "penetration_pct",
    "type": "STRING",
    "mode": "NULLABLE"
  },
  {
    "name": "val_spend_awop",
    "type": "STRING",
    "mode": "NULLABLE"
  },
  {
    "name": "currency",
    "type": "STRING",
    "mode": "NULLABLE"
  },
  {
    "name": "value_loyalty_pct",
    "type": "STRING",
    "mode": "NULLABLE"
  },
  {
    "name": "volume_loyalty_pct",
    "type": "STRING",
    "mode": "NULLABLE"
  },
  {
    "name": "frequency",
    "type": "STRING",
    "mode": "NULLABLE"
  },
  {
    "name": "data_source",
    "type": "STRING",
    "mode": "NULLABLE"
  }
]
