[
  {
    "name": "Start_Date",
    "mode": "NULLABLE",
    "type": "DATE",
    "fields": []
  },
  {
    "name": "End_Date",
    "mode": "NULLABLE",
    "type": "DATE",
    "fields": []
  },
  {
    "name": "Days",
    "mode": "NULLABLE",
    "type": "INTEGER",
    "fields": []
  },
  {
    "name": "Validation",
    "mode": "NULLABLE",
    "type": "STRING",
    "fields": []
  },
  {
    "name": "Brand",
    "mode": "NULLABLE",
    "type": "STRING",
    "fields": []
  },
  {
    "name": "Channel",
    "mode": "NULLABLE",
    "type": "STRING",
    "fields": []
  },
  {
    "name": "Campaign_Name",
    "mode": "NULLABLE",
    "type": "STRING",
    "fields": []
  },
  {
    "name": "KC_Campaign_Naming_Convention",
    "mode": "NULLABLE",
    "type": "STRING",
    "fields": []
  },
  {
    "name": "Primary_KPIs",
    "mode": "NULLABLE",
    "type": "STRING",
    "fields": []
  },
  {
    "name": "Publisher",
    "mode": "NULLABLE",
    "type": "STRING",
    "fields": []
  },
  {
    "name": "Asset",
    "mode": "NULLABLE",
    "type": "STRING",
    "fields": []
  },
  {
    "name": "Placement_Name",
    "mode": "NULLABLE",
    "type": "STRING",
    "fields": []
  },
  {
    "name": "Buying_Model",
    "mode": "NULLABLE",
    "type": "STRING",
    "fields": []
  },
  {
    "name": "Unit_cost_VND",
    "mode": "NULLABLE",
    "type": "FLOAT",
    "fields": []
  },
  {
    "name": "Target_Spend_VND",
    "mode": "NULLABLE",
    "type": "FLOAT",
    "fields": []
  },
  {
    "name": "Target_Impressions",
    "mode": "NULLABLE",
    "type": "INTEGER",
    "fields": []
  },
  {
    "name": "Target_Clicks",
    "mode": "NULLABLE",
    "type": "INTEGER",
    "fields": []
  },
  {
    "name": "Target_Views",
    "mode": "NULLABLE",
    "type": "INTEGER",
    "fields": []
  },
  {
    "name": "Target_Reach",
    "mode": "NULLABLE",
    "type": "INTEGER",
    "fields": []
  },
  {
    "name": "Target_VTR_Prct",
    "mode": "NULLABLE",
    "type": "FLOAT",
    "fields": []
  },
  {
    "name": "Unnamed_20",
    "mode": "NULLABLE",
    "type": "STRING",
    "fields": []
  }
]