[
  {
    "mode": "NULLABLE",
    "name": "Region",
    "type": "STRING"
  },
  {
    "mode": "NULLABLE",
    "name": "Sub_Region",
    "type": "STRING"
  },
  {
    "mode": "NULLABLE",
    "name": "Country",
    "type": "STRING"
  },
  {
    "mode": "NULLABLE",
    "name": "Sector",
    "type": "STRING"
  },
  {
    "mode": "NULLABLE",
    "name": "Brand",
    "type": "STRING"
  },
  {
    "mode": "NULLABLE",
    "name": "OnePD___",
    "type": "FLOAT"
  },
  {
    "mode": "NULLABLE",
    "name": "OnePD_Utilisation",
    "type": "FLOAT"
  },
  {
    "mode": "NULLABLE",
    "name": "Email_Deliveries",
    "type": "FLOAT"
  },
  {
    "mode": "NULLABLE",
    "name": "Email_CTR",
    "type": "FLOAT"
  },
  {
    "mode": "NULLABLE",
    "name": "SMS_Deliveries",
    "type": "INTEGER"
  },
  {
    "mode": "NULLABLE",
    "name": "SMS_CTR",
    "type": "FLOAT"
  },
  {
    "mode": "NULLABLE",
    "name": "Website_Sessions_Mon",
    "type": "INTEGER"
  },
  {
    "mode": "NULLABLE",
    "name": "Website_Sessions_yearly",
    "type": "INTEGER"
  },
  {
    "mode": "NULLABLE",
    "name": "Website_Pages_per_session",
    "type": "FLOAT"
  },
  {
    "mode": "NULLABLE",
    "name": "Social_Followers",
    "type": "STRING"
  },
  {
    "mode": "NULLABLE",
    "name": "Social_Engagement_Rate",
    "type": "STRING"
  },
  {
    "mode": "NULLABLE",
    "name": "Organic_Search_Impressions_Mon",
    "type": "INTEGER"
  },
  {
    "mode": "NULLABLE",
    "name": "Organic_Search_Impressions_yr",
    "type": "INTEGER"
  },
  {
    "mode": "NULLABLE",
    "name": "Organic_Search_CTR",
    "type": "FLOAT"
  },
  {
    "mode": "NULLABLE",
    "name": "Website_Opt_in_CR",
    "type": "FLOAT"
  },
  {
    "mode": "NULLABLE",
    "name": "Website_Buy_Now_CR",
    "type": "FLOAT"
  },
  {
    "mode": "NULLABLE",
    "name": "Website_Non_brand_Organic_Traffic_YoY",
    "type": "FLOAT"
  },
  {
    "mode": "NULLABLE",
    "name": "Website_Paid_search_traffic_CR",
    "type": "FLOAT"
  },
  {
    "mode": "NULLABLE",
    "name": "_1PD_Growth",
    "type": "STRING"
  },
  {
    "mode": "NULLABLE",
    "name": "Paid_Media_1PD_Utilization",
    "type": "FLOAT"
  },
  {
    "mode": "NULLABLE",
    "name": "Paid_Media_Personalized_Spend__",
    "type": "FLOAT"
  },
  {
    "mode": "NULLABLE",
    "name": "MMM_Digtal_Spend_ROI_YoY____",
    "type": "FLOAT"
  }
]