[
  {
    "mode": "NULLABLE",
    "name": "MANDT",
    "type": "INTEGER"
  },
  {
    "mode": "NULLABLE",
    "name": "SPRAS",
    "type": "STRING"
  },
  {
    "mode": "NULLABLE",
    "name": "LAND1",
    "type": "STRING"
  },
  {
    "mode": "NULLABLE",
    "name": "LANDX",
    "type": "STRING"
  },
  {
    "mode": "NULLABLE",
    "name": "NATIO",
    "type": "STRING"
  },
  {
    "mode": "NULLABLE",
    "name": "LANDX50",
    "type": "STRING"
  },
  {
    "mode": "NULLABLE",
    "name": "NATIO50",
    "type": "STRING"
  },
  {
    "mode": "NULLABLE",
    "name": "PRQ_SPREGT",
    "type": "STRING"
  }
]
