{
    "name": "JOB_HMP_SFMC_SMS_FRAME",
    "description": "Data Pipeline Application",
    "artifact": {
        "name": "cdap-data-pipeline",
        "version": "6.5.1",
        "scope": "SYSTEM"
    },
    "config": {
        "resources": {
            "memoryMB": 2048,
            "virtualCores": 1
        },
        "driverResources": {
            "memoryMB": 2048,
            "virtualCores": 1
        },
        "connections": [
            {
                "from": "Lookup_source",
                "to": "Null_remover"
            },
            {
                "from": "Null_remover",
                "to": "Distinct_CC_Region"
            },
            {
                "from": "Distinct_CC_Region",
                "to": "Joiner"
            },
            {
                "from": "Joiner",
                "to": "Final_sms_transforms"
            },
            {
                "from": "Final_sms_transforms",
                "to": "sms_metrics_sink"
            },
            {
                "from": "Final_sms_transforms",
                "to": "ErrorCollector"
            },
            {
                "from": "ErrorCollector",
                "to": "SMS Metric Error"
            },
            {
                "from": "sms_base",
                "to": "Wrangler"
            },
            {
                "from": "Wrangler",
                "to": "Joiner"
            }
        ],
        "comments": [],
        "postActions": [],
        "properties": {},
        "processTimingEnabled": true,
        "stageLoggingEnabled": false,
        "stages": [
            {
                "name": "Lookup_source",
                "plugin": {
                    "name": "BigQueryTable",
                    "type": "batchsource",
                    "label": "Lookup_source",
                    "artifact": {
                        "name": "google-cloud",
                        "version": "0.18.1",
                        "scope": "SYSTEM"
                    },
                    "properties": {
                        "project": "auto-detect",
                        "serviceFilePath": "auto-detect",
                        "dataset": "kc_lookup_data",
                        "table": "lookup_country_region_map",
                        "referenceName": "Lookup_source",
                        "schema": "{\"type\":\"record\",\"name\":\"etlSchemaBody\",\"fields\":[{\"name\":\"COUNTRYCODE\",\"type\":[\"string\",\"null\"]},{\"name\":\"COUNTRYNAME\",\"type\":[\"string\",\"null\"]},{\"name\":\"CREATEUPDATE_DATETIME\",\"type\":[{\"type\":\"int\",\"logicalType\":\"date\"},\"null\"]},{\"name\":\"REGION\",\"type\":[\"string\",\"null\"]},{\"name\":\"INDICATOR_FLAG\",\"type\":[\"boolean\",\"null\"]},{\"name\":\"COUNTRY_DESC\",\"type\":[\"string\",\"null\"]}]}",
                        "enableQueryingViews": "false",
                        "serviceAccountType": "filePath",
                        "bucket": "${input_bucket}"
                    }
                },
                "outputSchema": "{\"type\":\"record\",\"name\":\"etlSchemaBody\",\"fields\":[{\"name\":\"COUNTRYCODE\",\"type\":[\"string\",\"null\"]},{\"name\":\"COUNTRYNAME\",\"type\":[\"string\",\"null\"]},{\"name\":\"CREATEUPDATE_DATETIME\",\"type\":[{\"type\":\"int\",\"logicalType\":\"date\"},\"null\"]},{\"name\":\"REGION\",\"type\":[\"string\",\"null\"]},{\"name\":\"INDICATOR_FLAG\",\"type\":[\"boolean\",\"null\"]},{\"name\":\"COUNTRY_DESC\",\"type\":[\"string\",\"null\"]}]}",
                "id": "Lookup_source"
            },
            {
                "name": "Null_remover",
                "plugin": {
                    "name": "Wrangler",
                    "type": "transform",
                    "label": "Null_remover",
                    "artifact": {
                        "name": "wrangler-transform",
                        "version": "4.5.1",
                        "scope": "SYSTEM"
                    },
                    "properties": {
                        "field": "*",
                        "precondition": "false",
                        "schema": "{\"type\":\"record\",\"name\":\"etlSchemaBody\",\"fields\":[{\"name\":\"COUNTRYCODE\",\"type\":[\"string\",\"null\"]},{\"name\":\"COUNTRYNAME\",\"type\":[\"string\",\"null\"]},{\"name\":\"REGION\",\"type\":[\"string\",\"null\"]},{\"name\":\"COUNTRY_DESC\",\"type\":[\"string\",\"null\"]},{\"name\":\"INDICATOR_FLAG\",\"type\":[\"boolean\",\"null\"]},{\"name\":\"CREATEUPDATE_DATETIME\",\"type\":[{\"type\":\"int\",\"logicalType\":\"date\"},\"null\"]}]}",
                        "workspaceId": "00bd6b10-72e4-4793-8de1-b1083f90e6e9",
                        "directives": "filter-rows-on condition-true COUNTRYCODE == null || COUNTRYCODE =~ \"^\\W*$\"\nfilter-rows-on condition-true REGION == null || REGION =~ \"^\\W*$\""
                    }
                },
                "outputSchema": "{\"type\":\"record\",\"name\":\"etlSchemaBody\",\"fields\":[{\"name\":\"COUNTRYCODE\",\"type\":[\"string\",\"null\"]},{\"name\":\"COUNTRYNAME\",\"type\":[\"string\",\"null\"]},{\"name\":\"REGION\",\"type\":[\"string\",\"null\"]},{\"name\":\"COUNTRY_DESC\",\"type\":[\"string\",\"null\"]},{\"name\":\"INDICATOR_FLAG\",\"type\":[\"boolean\",\"null\"]},{\"name\":\"CREATEUPDATE_DATETIME\",\"type\":[{\"type\":\"int\",\"logicalType\":\"date\"},\"null\"]}]}",
                "inputSchema": [
                    {
                        "name": "Lookup_source",
                        "schema": "{\"type\":\"record\",\"name\":\"etlSchemaBody\",\"fields\":[{\"name\":\"COUNTRYCODE\",\"type\":[\"string\",\"null\"]},{\"name\":\"COUNTRYNAME\",\"type\":[\"string\",\"null\"]},{\"name\":\"CREATEUPDATE_DATETIME\",\"type\":[{\"type\":\"int\",\"logicalType\":\"date\"},\"null\"]},{\"name\":\"REGION\",\"type\":[\"string\",\"null\"]},{\"name\":\"INDICATOR_FLAG\",\"type\":[\"boolean\",\"null\"]},{\"name\":\"COUNTRY_DESC\",\"type\":[\"string\",\"null\"]}]}"
                    }
                ],
                "id": "Null_remover"
            },
            {
                "name": "Distinct_CC_Region",
                "plugin": {
                    "name": "Distinct",
                    "type": "batchaggregator",
                    "label": "Distinct_CC_Region",
                    "artifact": {
                        "name": "core-plugins",
                        "version": "2.7.1",
                        "scope": "SYSTEM"
                    },
                    "properties": {
                        "fields": "REGION,COUNTRYCODE"
                    }
                },
                "outputSchema": [
                    {
                        "name": "etlSchemaBody",
                        "schema": "{\"type\":\"record\",\"name\":\"etlSchemaBody.typedistinct\",\"fields\":[{\"name\":\"REGION\",\"type\":[\"string\",\"null\"]},{\"name\":\"COUNTRYCODE\",\"type\":[\"string\",\"null\"]}]}"
                    }
                ],
                "inputSchema": [
                    {
                        "name": "Null_remover",
                        "schema": "{\"type\":\"record\",\"name\":\"etlSchemaBody\",\"fields\":[{\"name\":\"COUNTRYCODE\",\"type\":[\"string\",\"null\"]},{\"name\":\"COUNTRYNAME\",\"type\":[\"string\",\"null\"]},{\"name\":\"REGION\",\"type\":[\"string\",\"null\"]},{\"name\":\"COUNTRY_DESC\",\"type\":[\"string\",\"null\"]},{\"name\":\"INDICATOR_FLAG\",\"type\":[\"boolean\",\"null\"]},{\"name\":\"CREATEUPDATE_DATETIME\",\"type\":[{\"type\":\"int\",\"logicalType\":\"date\"},\"null\"]}]}"
                    }
                ],
                "id": "Distinct_CC_Region"
            },
            {
                "name": "Joiner",
                "plugin": {
                    "name": "Joiner",
                    "type": "batchjoiner",
                    "label": "Joiner",
                    "artifact": {
                        "name": "core-plugins",
                        "version": "2.7.1",
                        "scope": "SYSTEM"
                    },
                    "properties": {
                        "selectedFields": "Distinct_CC_Region.REGION as REGION_lkup,Distinct_CC_Region.COUNTRYCODE as COUNTRYCODE_lkup,Wrangler.MobileMessageTrackingID as MobileMessageTrackingID,Wrangler.EID as EID,Wrangler.MID as MID,Wrangler.Brand as Brand,Wrangler.Sector as Sector,Wrangler.Country as Country,Wrangler.Region as Region,Wrangler.CampaignID as CampaignID,Wrangler.CampaignName as CampaignName,Wrangler.MessageID as MessageID,Wrangler.MessageText as MessageText,Wrangler.Name as Name,Wrangler.SubscriberID as SubscriberID,Wrangler.SMSStandardStatusCodeId as SMSStandardStatusCodeId,Wrangler.Description as Description,Wrangler.EventDate as EventDate,Wrangler.SharedKeyword as SharedKeyword,Wrangler.Sent as Sent,Wrangler.Delivered as Delivered,Wrangler.Undelivered as Undelivered,Wrangler.JourneyName as JourneyName,Wrangler.MobileMessageTrackingIDs as MobileMessageTrackingIDs",
                        "requiredInputs": "Wrangler",
                        "conditionType": "basic",
                        "joinKeys": "Distinct_CC_Region.REGION = Wrangler.Region & Distinct_CC_Region.COUNTRYCODE = Wrangler.Country",
                        "joinNullKeys": "true",
                        "distributionEnabled": "false",
                        "schema": "{\"type\":\"record\",\"name\":\"join.typeoutput\",\"fields\":[{\"name\":\"REGION_lkup\",\"type\":[\"string\",\"null\"]},{\"name\":\"COUNTRYCODE_lkup\",\"type\":[\"string\",\"null\"]},{\"name\":\"MobileMessageTrackingID\",\"type\":[\"long\",\"null\"]},{\"name\":\"EID\",\"type\":[\"long\",\"null\"]},{\"name\":\"MID\",\"type\":[\"long\",\"null\"]},{\"name\":\"Brand\",\"type\":[\"string\",\"null\"]},{\"name\":\"Sector\",\"type\":[\"string\",\"null\"]},{\"name\":\"Country\",\"type\":[\"string\",\"null\"]},{\"name\":\"Region\",\"type\":[\"string\",\"null\"]},{\"name\":\"CampaignID\",\"type\":[\"string\",\"null\"]},{\"name\":\"CampaignName\",\"type\":[\"string\",\"null\"]},{\"name\":\"MessageID\",\"type\":[\"long\",\"null\"]},{\"name\":\"MessageText\",\"type\":[\"string\",\"null\"]},{\"name\":\"Name\",\"type\":[\"string\",\"null\"]},{\"name\":\"SubscriberID\",\"type\":[\"long\",\"null\"]},{\"name\":\"SMSStandardStatusCodeId\",\"type\":[\"long\",\"null\"]},{\"name\":\"Description\",\"type\":[\"string\",\"null\"]},{\"name\":\"EventDate\",\"type\":[{\"type\":\"long\",\"logicalType\":\"timestamp-micros\"},\"null\"]},{\"name\":\"SharedKeyword\",\"type\":[\"string\",\"null\"]},{\"name\":\"Sent\",\"type\":[\"boolean\",\"null\"]},{\"name\":\"Delivered\",\"type\":[\"boolean\",\"null\"]},{\"name\":\"Undelivered\",\"type\":[\"boolean\",\"null\"]},{\"name\":\"JourneyName\",\"type\":[\"string\",\"null\"]},{\"name\":\"MobileMessageTrackingIDs\",\"type\":[\"string\",\"null\"]}]}"
                    }
                },
                "outputSchema": [
                    {
                        "name": "etlSchemaBody",
                        "schema": "{\"type\":\"record\",\"name\":\"join.typeoutput\",\"fields\":[{\"name\":\"REGION_lkup\",\"type\":[\"string\",\"null\"]},{\"name\":\"COUNTRYCODE_lkup\",\"type\":[\"string\",\"null\"]},{\"name\":\"MobileMessageTrackingID\",\"type\":[\"long\",\"null\"]},{\"name\":\"EID\",\"type\":[\"long\",\"null\"]},{\"name\":\"MID\",\"type\":[\"long\",\"null\"]},{\"name\":\"Brand\",\"type\":[\"string\",\"null\"]},{\"name\":\"Sector\",\"type\":[\"string\",\"null\"]},{\"name\":\"Country\",\"type\":[\"string\",\"null\"]},{\"name\":\"Region\",\"type\":[\"string\",\"null\"]},{\"name\":\"CampaignID\",\"type\":[\"string\",\"null\"]},{\"name\":\"CampaignName\",\"type\":[\"string\",\"null\"]},{\"name\":\"MessageID\",\"type\":[\"long\",\"null\"]},{\"name\":\"MessageText\",\"type\":[\"string\",\"null\"]},{\"name\":\"Name\",\"type\":[\"string\",\"null\"]},{\"name\":\"SubscriberID\",\"type\":[\"long\",\"null\"]},{\"name\":\"SMSStandardStatusCodeId\",\"type\":[\"long\",\"null\"]},{\"name\":\"Description\",\"type\":[\"string\",\"null\"]},{\"name\":\"EventDate\",\"type\":[{\"type\":\"long\",\"logicalType\":\"timestamp-micros\"},\"null\"]},{\"name\":\"SharedKeyword\",\"type\":[\"string\",\"null\"]},{\"name\":\"Sent\",\"type\":[\"boolean\",\"null\"]},{\"name\":\"Delivered\",\"type\":[\"boolean\",\"null\"]},{\"name\":\"Undelivered\",\"type\":[\"boolean\",\"null\"]},{\"name\":\"JourneyName\",\"type\":[\"string\",\"null\"]},{\"name\":\"MobileMessageTrackingIDs\",\"type\":[\"string\",\"null\"]}]}"
                    }
                ],
                "inputSchema": [
                    {
                        "name": "Distinct_CC_Region",
                        "schema": "{\"type\":\"record\",\"name\":\"etlSchemaBody.typedistinct\",\"fields\":[{\"name\":\"REGION\",\"type\":[\"string\",\"null\"]},{\"name\":\"COUNTRYCODE\",\"type\":[\"string\",\"null\"]}]}"
                    },
                    {
                        "name": "Wrangler",
                        "schema": "{\"type\":\"record\",\"name\":\"output\",\"fields\":[{\"name\":\"MobileMessageTrackingID\",\"type\":[\"long\",\"null\"]},{\"name\":\"EID\",\"type\":[\"long\",\"null\"]},{\"name\":\"MID\",\"type\":[\"long\",\"null\"]},{\"name\":\"Brand\",\"type\":[\"string\",\"null\"]},{\"name\":\"Sector\",\"type\":[\"string\",\"null\"]},{\"name\":\"Country\",\"type\":[\"string\",\"null\"]},{\"name\":\"Region\",\"type\":[\"string\",\"null\"]},{\"name\":\"CampaignID\",\"type\":[\"string\",\"null\"]},{\"name\":\"CampaignName\",\"type\":[\"string\",\"null\"]},{\"name\":\"MessageID\",\"type\":[\"long\",\"null\"]},{\"name\":\"MessageText\",\"type\":[\"string\",\"null\"]},{\"name\":\"Name\",\"type\":[\"string\",\"null\"]},{\"name\":\"SubscriberID\",\"type\":[\"long\",\"null\"]},{\"name\":\"SMSStandardStatusCodeId\",\"type\":[\"long\",\"null\"]},{\"name\":\"Description\",\"type\":[\"string\",\"null\"]},{\"name\":\"EventDate\",\"type\":[{\"type\":\"long\",\"logicalType\":\"timestamp-micros\"},\"null\"]},{\"name\":\"SharedKeyword\",\"type\":[\"string\",\"null\"]},{\"name\":\"Sent\",\"type\":[\"boolean\",\"null\"]},{\"name\":\"Delivered\",\"type\":[\"boolean\",\"null\"]},{\"name\":\"Undelivered\",\"type\":[\"boolean\",\"null\"]},{\"name\":\"JourneyName\",\"type\":[\"string\",\"null\"]},{\"name\":\"MobileMessageTrackingIDs\",\"type\":[\"string\",\"null\"]}]}"
                    }
                ],
                "id": "Joiner"
            },
            {
                "name": "Final_sms_transforms",
                "plugin": {
                    "name": "Wrangler",
                    "type": "transform",
                    "label": "Final_sms_transforms",
                    "artifact": {
                        "name": "wrangler-transform",
                        "version": "4.5.1",
                        "scope": "SYSTEM"
                    },
                    "properties": {
                        "field": "*",
                        "precondition": "false",
                        "directives": "send-to-error empty(COUNTRYCODE_lkup)\nsend-to-error empty(REGION_lkup)\nsend-to-error empty(EventDate)\ndrop :COUNTRYCODE_lkup\ndrop :REGION_lkup\ncopy BRAND brand_upper true\nuppercase brand_upper\nsend-to-error brand_upper !='DRYNITES' && brand_upper !='HUGGIES' && brand_upper !='PLENITUD' && brand_upper !='UBYKOTEX' && brand_upper !='POISE' && brand_upper !='DEPEND' && brand_upper !='PULLUPS' && brand_upper !='GOODNITES' && brand_upper !='VIVA' && brand_upper !='SCOTT' && brand_upper !='KLEENEX' && brand_upper !='COTTONELLE' && brand_upper !='ANDREX' && brand_upper !='SHIKMA' && brand_upper !='TITULIM' && brand_upper !='MOLETT' && brand_upper !='LILY' && brand_upper !='NIKOL' && brand_upper !='INTIMUS' && brand_upper !='HAKLE' && brand_upper !='SCOTTEX' && brand_upper !='LAVIE' && brand_upper !='NEVE' && brand_upper !='SUAVE' && brand_upper !='KOTEX' && brand_upper !='DURAMAX' && brand_upper !='DEPENDCARE' && brand_upper !='PULL-UPS'\ndrop brand_upper",
                        "on-error": "skip-error",
                        "schema": "{\"name\":\"etlSchemaBody\",\"type\":\"record\",\"fields\":[{\"name\":\"MobileMessageTrackingID\",\"type\":[\"long\",\"null\"]},{\"name\":\"EID\",\"type\":[\"long\",\"null\"]},{\"name\":\"MID\",\"type\":[\"long\",\"null\"]},{\"name\":\"Brand\",\"type\":[\"string\",\"null\"]},{\"name\":\"Sector\",\"type\":[\"string\",\"null\"]},{\"name\":\"Country\",\"type\":[\"string\",\"null\"]},{\"name\":\"Region\",\"type\":[\"string\",\"null\"]},{\"name\":\"CampaignID\",\"type\":[\"string\",\"null\"]},{\"name\":\"CampaignName\",\"type\":[\"string\",\"null\"]},{\"name\":\"MessageID\",\"type\":[\"long\",\"null\"]},{\"name\":\"MessageText\",\"type\":[\"string\",\"null\"]},{\"name\":\"Name\",\"type\":[\"string\",\"null\"]},{\"name\":\"SubscriberID\",\"type\":[\"long\",\"null\"]},{\"name\":\"SMSStandardStatusCodeId\",\"type\":[\"long\",\"null\"]},{\"name\":\"Description\",\"type\":[\"string\",\"null\"]},{\"name\":\"EventDate\",\"type\":[{\"type\":\"long\",\"logicalType\":\"timestamp-micros\"},\"null\"]},{\"name\":\"SharedKeyword\",\"type\":[\"string\",\"null\"]},{\"name\":\"Sent\",\"type\":[\"boolean\",\"null\"]},{\"name\":\"Delivered\",\"type\":[\"boolean\",\"null\"]},{\"name\":\"Undelivered\",\"type\":[\"boolean\",\"null\"]},{\"name\":\"JourneyName\",\"type\":[\"string\",\"null\"]},{\"name\":\"MobileMessageTrackingIDs\",\"type\":[\"string\",\"null\"]}]}",
                        "workspaceId": "d51a02b2-3d7d-456e-adad-b87330bdcb18"
                    }
                },
                "outputSchema": [
                    {
                        "name": "etlSchemaBody",
                        "schema": "{\"name\":\"etlSchemaBody\",\"type\":\"record\",\"fields\":[{\"name\":\"MobileMessageTrackingID\",\"type\":[\"long\",\"null\"]},{\"name\":\"EID\",\"type\":[\"long\",\"null\"]},{\"name\":\"MID\",\"type\":[\"long\",\"null\"]},{\"name\":\"Brand\",\"type\":[\"string\",\"null\"]},{\"name\":\"Sector\",\"type\":[\"string\",\"null\"]},{\"name\":\"Country\",\"type\":[\"string\",\"null\"]},{\"name\":\"Region\",\"type\":[\"string\",\"null\"]},{\"name\":\"CampaignID\",\"type\":[\"string\",\"null\"]},{\"name\":\"CampaignName\",\"type\":[\"string\",\"null\"]},{\"name\":\"MessageID\",\"type\":[\"long\",\"null\"]},{\"name\":\"MessageText\",\"type\":[\"string\",\"null\"]},{\"name\":\"Name\",\"type\":[\"string\",\"null\"]},{\"name\":\"SubscriberID\",\"type\":[\"long\",\"null\"]},{\"name\":\"SMSStandardStatusCodeId\",\"type\":[\"long\",\"null\"]},{\"name\":\"Description\",\"type\":[\"string\",\"null\"]},{\"name\":\"EventDate\",\"type\":[{\"type\":\"long\",\"logicalType\":\"timestamp-micros\"},\"null\"]},{\"name\":\"SharedKeyword\",\"type\":[\"string\",\"null\"]},{\"name\":\"Sent\",\"type\":[\"boolean\",\"null\"]},{\"name\":\"Delivered\",\"type\":[\"boolean\",\"null\"]},{\"name\":\"Undelivered\",\"type\":[\"boolean\",\"null\"]},{\"name\":\"JourneyName\",\"type\":[\"string\",\"null\"]},{\"name\":\"MobileMessageTrackingIDs\",\"type\":[\"string\",\"null\"]}]}"
                    }
                ],
                "inputSchema": [
                    {
                        "name": "Joiner",
                        "schema": "{\"type\":\"record\",\"name\":\"join.typeoutput\",\"fields\":[{\"name\":\"REGION_lkup\",\"type\":[\"string\",\"null\"]},{\"name\":\"COUNTRYCODE_lkup\",\"type\":[\"string\",\"null\"]},{\"name\":\"MobileMessageTrackingID\",\"type\":[\"long\",\"null\"]},{\"name\":\"EID\",\"type\":[\"long\",\"null\"]},{\"name\":\"MID\",\"type\":[\"long\",\"null\"]},{\"name\":\"Brand\",\"type\":[\"string\",\"null\"]},{\"name\":\"Sector\",\"type\":[\"string\",\"null\"]},{\"name\":\"Country\",\"type\":[\"string\",\"null\"]},{\"name\":\"Region\",\"type\":[\"string\",\"null\"]},{\"name\":\"CampaignID\",\"type\":[\"string\",\"null\"]},{\"name\":\"CampaignName\",\"type\":[\"string\",\"null\"]},{\"name\":\"MessageID\",\"type\":[\"long\",\"null\"]},{\"name\":\"MessageText\",\"type\":[\"string\",\"null\"]},{\"name\":\"Name\",\"type\":[\"string\",\"null\"]},{\"name\":\"SubscriberID\",\"type\":[\"long\",\"null\"]},{\"name\":\"SMSStandardStatusCodeId\",\"type\":[\"long\",\"null\"]},{\"name\":\"Description\",\"type\":[\"string\",\"null\"]},{\"name\":\"EventDate\",\"type\":[{\"type\":\"long\",\"logicalType\":\"timestamp-micros\"},\"null\"]},{\"name\":\"SharedKeyword\",\"type\":[\"string\",\"null\"]},{\"name\":\"Sent\",\"type\":[\"boolean\",\"null\"]},{\"name\":\"Delivered\",\"type\":[\"boolean\",\"null\"]},{\"name\":\"Undelivered\",\"type\":[\"boolean\",\"null\"]},{\"name\":\"JourneyName\",\"type\":[\"string\",\"null\"]},{\"name\":\"MobileMessageTrackingIDs\",\"type\":[\"string\",\"null\"]}]}"
                    }
                ],
                "id": "Final_sms_transforms"
            },
            {
                "name": "sms_metrics_sink",
                "plugin": {
                    "name": "BigQueryTable",
                    "type": "batchsink",
                    "label": "sms_metrics_sink",
                    "artifact": {
                        "name": "google-cloud",
                        "version": "0.18.1",
                        "scope": "SYSTEM"
                    },
                    "properties": {
                        "referenceName": "sms_metrics_sink",
                        "project": "auto-detect",
                        "dataset": "sfmc_sms",
                        "table": "F_SMS_METRICS",
                        "serviceAccountType": "filePath",
                        "serviceFilePath": "auto-detect",
                        "operation": "upsert",
                        "allowSchemaRelaxation": "false",
                        "location": "US",
                        "createPartitionedTable": "false",
                        "partitioningType": "TIME",
                        "partitionFilterRequired": "false",
                        "schema": "{\"name\":\"etlSchemaBody\",\"type\":\"record\",\"fields\":[{\"name\":\"MobileMessageTrackingID\",\"type\":[\"long\",\"null\"]},{\"name\":\"EID\",\"type\":[\"long\",\"null\"]},{\"name\":\"MID\",\"type\":[\"long\",\"null\"]},{\"name\":\"Brand\",\"type\":[\"string\",\"null\"]},{\"name\":\"Sector\",\"type\":[\"string\",\"null\"]},{\"name\":\"Country\",\"type\":[\"string\",\"null\"]},{\"name\":\"Region\",\"type\":[\"string\",\"null\"]},{\"name\":\"CampaignID\",\"type\":[\"string\",\"null\"]},{\"name\":\"CampaignName\",\"type\":[\"string\",\"null\"]},{\"name\":\"MessageID\",\"type\":[\"long\",\"null\"]},{\"name\":\"MessageText\",\"type\":[\"string\",\"null\"]},{\"name\":\"Name\",\"type\":[\"string\",\"null\"]},{\"name\":\"SubscriberID\",\"type\":[\"long\",\"null\"]},{\"name\":\"SMSStandardStatusCodeId\",\"type\":[\"long\",\"null\"]},{\"name\":\"Description\",\"type\":[\"string\",\"null\"]},{\"name\":\"EventDate\",\"type\":[{\"type\":\"long\",\"logicalType\":\"timestamp-micros\"},\"null\"]},{\"name\":\"SharedKeyword\",\"type\":[\"string\",\"null\"]},{\"name\":\"Sent\",\"type\":[\"boolean\",\"null\"]},{\"name\":\"Delivered\",\"type\":[\"boolean\",\"null\"]},{\"name\":\"Undelivered\",\"type\":[\"boolean\",\"null\"]},{\"name\":\"JourneyName\",\"type\":[\"string\",\"null\"]},{\"name\":\"MobileMessageTrackingIDs\",\"type\":[\"string\",\"null\"]}]}",
                        "bucket": "${output_bucket}",
                        "relationTableKey": "MobileMessageTrackingID,EID,MID,EventDate"
                    }
                },
                "outputSchema": [
                    {
                        "name": "etlSchemaBody",
                        "schema": "{\"name\":\"etlSchemaBody\",\"type\":\"record\",\"fields\":[{\"name\":\"MobileMessageTrackingID\",\"type\":[\"long\",\"null\"]},{\"name\":\"EID\",\"type\":[\"long\",\"null\"]},{\"name\":\"MID\",\"type\":[\"long\",\"null\"]},{\"name\":\"Brand\",\"type\":[\"string\",\"null\"]},{\"name\":\"Sector\",\"type\":[\"string\",\"null\"]},{\"name\":\"Country\",\"type\":[\"string\",\"null\"]},{\"name\":\"Region\",\"type\":[\"string\",\"null\"]},{\"name\":\"CampaignID\",\"type\":[\"string\",\"null\"]},{\"name\":\"CampaignName\",\"type\":[\"string\",\"null\"]},{\"name\":\"MessageID\",\"type\":[\"long\",\"null\"]},{\"name\":\"MessageText\",\"type\":[\"string\",\"null\"]},{\"name\":\"Name\",\"type\":[\"string\",\"null\"]},{\"name\":\"SubscriberID\",\"type\":[\"long\",\"null\"]},{\"name\":\"SMSStandardStatusCodeId\",\"type\":[\"long\",\"null\"]},{\"name\":\"Description\",\"type\":[\"string\",\"null\"]},{\"name\":\"EventDate\",\"type\":[{\"type\":\"long\",\"logicalType\":\"timestamp-micros\"},\"null\"]},{\"name\":\"SharedKeyword\",\"type\":[\"string\",\"null\"]},{\"name\":\"Sent\",\"type\":[\"boolean\",\"null\"]},{\"name\":\"Delivered\",\"type\":[\"boolean\",\"null\"]},{\"name\":\"Undelivered\",\"type\":[\"boolean\",\"null\"]},{\"name\":\"JourneyName\",\"type\":[\"string\",\"null\"]},{\"name\":\"MobileMessageTrackingIDs\",\"type\":[\"string\",\"null\"]}]}"
                    }
                ],
                "inputSchema": [
                    {
                        "name": "Final_sms_transforms",
                        "schema": "{\"name\":\"etlSchemaBody\",\"type\":\"record\",\"fields\":[{\"name\":\"MobileMessageTrackingID\",\"type\":[\"long\",\"null\"]},{\"name\":\"EID\",\"type\":[\"long\",\"null\"]},{\"name\":\"MID\",\"type\":[\"long\",\"null\"]},{\"name\":\"Brand\",\"type\":[\"string\",\"null\"]},{\"name\":\"Sector\",\"type\":[\"string\",\"null\"]},{\"name\":\"Country\",\"type\":[\"string\",\"null\"]},{\"name\":\"Region\",\"type\":[\"string\",\"null\"]},{\"name\":\"CampaignID\",\"type\":[\"string\",\"null\"]},{\"name\":\"CampaignName\",\"type\":[\"string\",\"null\"]},{\"name\":\"MessageID\",\"type\":[\"long\",\"null\"]},{\"name\":\"MessageText\",\"type\":[\"string\",\"null\"]},{\"name\":\"Name\",\"type\":[\"string\",\"null\"]},{\"name\":\"SubscriberID\",\"type\":[\"long\",\"null\"]},{\"name\":\"SMSStandardStatusCodeId\",\"type\":[\"long\",\"null\"]},{\"name\":\"Description\",\"type\":[\"string\",\"null\"]},{\"name\":\"EventDate\",\"type\":[{\"type\":\"long\",\"logicalType\":\"timestamp-micros\"},\"null\"]},{\"name\":\"SharedKeyword\",\"type\":[\"string\",\"null\"]},{\"name\":\"Sent\",\"type\":[\"boolean\",\"null\"]},{\"name\":\"Delivered\",\"type\":[\"boolean\",\"null\"]},{\"name\":\"Undelivered\",\"type\":[\"boolean\",\"null\"]},{\"name\":\"JourneyName\",\"type\":[\"string\",\"null\"]},{\"name\":\"MobileMessageTrackingIDs\",\"type\":[\"string\",\"null\"]}]}"
                    }
                ],
                "id": "sms_metrics_sink"
            },
            {
                "name": "ErrorCollector",
                "plugin": {
                    "name": "ErrorCollector",
                    "type": "errortransform",
                    "label": "ErrorCollector",
                    "artifact": {
                        "name": "core-plugins",
                        "version": "2.7.1",
                        "scope": "SYSTEM"
                    },
                    "properties": {
                        "messageField": "msg",
                        "stageField": "node",
                        "codeField": "code"
                    }
                },
                "outputSchema": [
                    {
                        "name": "etlSchemaBody",
                        "schema": "{\"type\":\"record\",\"name\":\"errorjoin.typetypeoutput\",\"fields\":[{\"name\":\"REGION_lkup\",\"type\":[\"string\",\"null\"]},{\"name\":\"COUNTRYCODE_lkup\",\"type\":[\"string\",\"null\"]},{\"name\":\"MobileMessageTrackingID\",\"type\":[\"long\",\"null\"]},{\"name\":\"EID\",\"type\":[\"long\",\"null\"]},{\"name\":\"MID\",\"type\":[\"long\",\"null\"]},{\"name\":\"Brand\",\"type\":[\"string\",\"null\"]},{\"name\":\"Sector\",\"type\":[\"string\",\"null\"]},{\"name\":\"Country\",\"type\":[\"string\",\"null\"]},{\"name\":\"Region\",\"type\":[\"string\",\"null\"]},{\"name\":\"CampaignID\",\"type\":[\"string\",\"null\"]},{\"name\":\"CampaignName\",\"type\":[\"string\",\"null\"]},{\"name\":\"MessageID\",\"type\":[\"long\",\"null\"]},{\"name\":\"MessageText\",\"type\":[\"string\",\"null\"]},{\"name\":\"Name\",\"type\":[\"string\",\"null\"]},{\"name\":\"SubscriberID\",\"type\":[\"long\",\"null\"]},{\"name\":\"SMSStandardStatusCodeId\",\"type\":[\"long\",\"null\"]},{\"name\":\"Description\",\"type\":[\"string\",\"null\"]},{\"name\":\"EventDate\",\"type\":[{\"type\":\"long\",\"logicalType\":\"timestamp-micros\"},\"null\"]},{\"name\":\"SharedKeyword\",\"type\":[\"string\",\"null\"]},{\"name\":\"Sent\",\"type\":[\"boolean\",\"null\"]},{\"name\":\"Delivered\",\"type\":[\"boolean\",\"null\"]},{\"name\":\"Undelivered\",\"type\":[\"boolean\",\"null\"]},{\"name\":\"JourneyName\",\"type\":[\"string\",\"null\"]},{\"name\":\"MobileMessageTrackingIDs\",\"type\":[\"string\",\"null\"]},{\"name\":\"msg\",\"type\":\"string\"},{\"name\":\"node\",\"type\":\"string\"}]}"
                    }
                ],
                "inputSchema": [
                    {
                        "name": "Final_sms_transforms",
                        "schema": "{\"type\":\"record\",\"name\":\"join.typeoutput\",\"fields\":[{\"name\":\"REGION_lkup\",\"type\":[\"string\",\"null\"]},{\"name\":\"COUNTRYCODE_lkup\",\"type\":[\"string\",\"null\"]},{\"name\":\"MobileMessageTrackingID\",\"type\":[\"long\",\"null\"]},{\"name\":\"EID\",\"type\":[\"long\",\"null\"]},{\"name\":\"MID\",\"type\":[\"long\",\"null\"]},{\"name\":\"Brand\",\"type\":[\"string\",\"null\"]},{\"name\":\"Sector\",\"type\":[\"string\",\"null\"]},{\"name\":\"Country\",\"type\":[\"string\",\"null\"]},{\"name\":\"Region\",\"type\":[\"string\",\"null\"]},{\"name\":\"CampaignID\",\"type\":[\"string\",\"null\"]},{\"name\":\"CampaignName\",\"type\":[\"string\",\"null\"]},{\"name\":\"MessageID\",\"type\":[\"long\",\"null\"]},{\"name\":\"MessageText\",\"type\":[\"string\",\"null\"]},{\"name\":\"Name\",\"type\":[\"string\",\"null\"]},{\"name\":\"SubscriberID\",\"type\":[\"long\",\"null\"]},{\"name\":\"SMSStandardStatusCodeId\",\"type\":[\"long\",\"null\"]},{\"name\":\"Description\",\"type\":[\"string\",\"null\"]},{\"name\":\"EventDate\",\"type\":[{\"type\":\"long\",\"logicalType\":\"timestamp-micros\"},\"null\"]},{\"name\":\"SharedKeyword\",\"type\":[\"string\",\"null\"]},{\"name\":\"Sent\",\"type\":[\"boolean\",\"null\"]},{\"name\":\"Delivered\",\"type\":[\"boolean\",\"null\"]},{\"name\":\"Undelivered\",\"type\":[\"boolean\",\"null\"]},{\"name\":\"JourneyName\",\"type\":[\"string\",\"null\"]},{\"name\":\"MobileMessageTrackingIDs\",\"type\":[\"string\",\"null\"]}]}"
                    }
                ],
                "id": "ErrorCollector"
            },
            {
                "name": "SMS Metric Error",
                "plugin": {
                    "name": "BigQueryTable",
                    "type": "batchsink",
                    "label": "SMS Metric Error",
                    "artifact": {
                        "name": "google-cloud",
                        "version": "0.18.1",
                        "scope": "SYSTEM"
                    },
                    "properties": {
                        "referenceName": "SMS_Metric_Error",
                        "project": "auto-detect",
                        "dataset": "sfmc_sms",
                        "table": "F_SMS_METRICS_ERROR",
                        "serviceAccountType": "filePath",
                        "serviceFilePath": "auto-detect",
                        "operation": "insert",
                        "truncateTable": "false",
                        "allowSchemaRelaxation": "false",
                        "location": "US",
                        "createPartitionedTable": "false",
                        "partitioningType": "TIME",
                        "partitionFilterRequired": "false",
                        "schema": "{\"type\":\"record\",\"name\":\"errorjoin.typetypeoutput\",\"fields\":[{\"name\":\"REGION_lkup\",\"type\":[\"string\",\"null\"]},{\"name\":\"COUNTRYCODE_lkup\",\"type\":[\"string\",\"null\"]},{\"name\":\"MobileMessageTrackingID\",\"type\":[\"long\",\"null\"]},{\"name\":\"EID\",\"type\":[\"long\",\"null\"]},{\"name\":\"MID\",\"type\":[\"long\",\"null\"]},{\"name\":\"Brand\",\"type\":[\"string\",\"null\"]},{\"name\":\"Sector\",\"type\":[\"string\",\"null\"]},{\"name\":\"Country\",\"type\":[\"string\",\"null\"]},{\"name\":\"Region\",\"type\":[\"string\",\"null\"]},{\"name\":\"CampaignID\",\"type\":[\"string\",\"null\"]},{\"name\":\"CampaignName\",\"type\":[\"string\",\"null\"]},{\"name\":\"MessageID\",\"type\":[\"long\",\"null\"]},{\"name\":\"MessageText\",\"type\":[\"string\",\"null\"]},{\"name\":\"Name\",\"type\":[\"string\",\"null\"]},{\"name\":\"SubscriberID\",\"type\":[\"long\",\"null\"]},{\"name\":\"SMSStandardStatusCodeId\",\"type\":[\"long\",\"null\"]},{\"name\":\"Description\",\"type\":[\"string\",\"null\"]},{\"name\":\"EventDate\",\"type\":[{\"type\":\"long\",\"logicalType\":\"timestamp-micros\"},\"null\"]},{\"name\":\"SharedKeyword\",\"type\":[\"string\",\"null\"]},{\"name\":\"Sent\",\"type\":[\"boolean\",\"null\"]},{\"name\":\"Delivered\",\"type\":[\"boolean\",\"null\"]},{\"name\":\"Undelivered\",\"type\":[\"boolean\",\"null\"]},{\"name\":\"JourneyName\",\"type\":[\"string\",\"null\"]},{\"name\":\"MobileMessageTrackingIDs\",\"type\":[\"string\",\"null\"]},{\"name\":\"msg\",\"type\":\"string\"},{\"name\":\"node\",\"type\":\"string\"}]}",
                        "bucket": "${output_bucket}"
                    }
                },
                "outputSchema": "{\"type\":\"record\",\"name\":\"errorjoin.typetypeoutput\",\"fields\":[{\"name\":\"REGION_lkup\",\"type\":[\"string\",\"null\"]},{\"name\":\"COUNTRYCODE_lkup\",\"type\":[\"string\",\"null\"]},{\"name\":\"MobileMessageTrackingID\",\"type\":[\"long\",\"null\"]},{\"name\":\"EID\",\"type\":[\"long\",\"null\"]},{\"name\":\"MID\",\"type\":[\"long\",\"null\"]},{\"name\":\"Brand\",\"type\":[\"string\",\"null\"]},{\"name\":\"Sector\",\"type\":[\"string\",\"null\"]},{\"name\":\"Country\",\"type\":[\"string\",\"null\"]},{\"name\":\"Region\",\"type\":[\"string\",\"null\"]},{\"name\":\"CampaignID\",\"type\":[\"string\",\"null\"]},{\"name\":\"CampaignName\",\"type\":[\"string\",\"null\"]},{\"name\":\"MessageID\",\"type\":[\"long\",\"null\"]},{\"name\":\"MessageText\",\"type\":[\"string\",\"null\"]},{\"name\":\"Name\",\"type\":[\"string\",\"null\"]},{\"name\":\"SubscriberID\",\"type\":[\"long\",\"null\"]},{\"name\":\"SMSStandardStatusCodeId\",\"type\":[\"long\",\"null\"]},{\"name\":\"Description\",\"type\":[\"string\",\"null\"]},{\"name\":\"EventDate\",\"type\":[{\"type\":\"long\",\"logicalType\":\"timestamp-micros\"},\"null\"]},{\"name\":\"SharedKeyword\",\"type\":[\"string\",\"null\"]},{\"name\":\"Sent\",\"type\":[\"boolean\",\"null\"]},{\"name\":\"Delivered\",\"type\":[\"boolean\",\"null\"]},{\"name\":\"Undelivered\",\"type\":[\"boolean\",\"null\"]},{\"name\":\"JourneyName\",\"type\":[\"string\",\"null\"]},{\"name\":\"MobileMessageTrackingIDs\",\"type\":[\"string\",\"null\"]},{\"name\":\"msg\",\"type\":\"string\"},{\"name\":\"node\",\"type\":\"string\"}]}",
                "inputSchema": [
                    {
                        "name": "ErrorCollector",
                        "schema": "{\"type\":\"record\",\"name\":\"errorjoin.typetypeoutput\",\"fields\":[{\"name\":\"REGION_lkup\",\"type\":[\"string\",\"null\"]},{\"name\":\"COUNTRYCODE_lkup\",\"type\":[\"string\",\"null\"]},{\"name\":\"MobileMessageTrackingID\",\"type\":[\"long\",\"null\"]},{\"name\":\"EID\",\"type\":[\"long\",\"null\"]},{\"name\":\"MID\",\"type\":[\"long\",\"null\"]},{\"name\":\"Brand\",\"type\":[\"string\",\"null\"]},{\"name\":\"Sector\",\"type\":[\"string\",\"null\"]},{\"name\":\"Country\",\"type\":[\"string\",\"null\"]},{\"name\":\"Region\",\"type\":[\"string\",\"null\"]},{\"name\":\"CampaignID\",\"type\":[\"string\",\"null\"]},{\"name\":\"CampaignName\",\"type\":[\"string\",\"null\"]},{\"name\":\"MessageID\",\"type\":[\"long\",\"null\"]},{\"name\":\"MessageText\",\"type\":[\"string\",\"null\"]},{\"name\":\"Name\",\"type\":[\"string\",\"null\"]},{\"name\":\"SubscriberID\",\"type\":[\"long\",\"null\"]},{\"name\":\"SMSStandardStatusCodeId\",\"type\":[\"long\",\"null\"]},{\"name\":\"Description\",\"type\":[\"string\",\"null\"]},{\"name\":\"EventDate\",\"type\":[{\"type\":\"long\",\"logicalType\":\"timestamp-micros\"},\"null\"]},{\"name\":\"SharedKeyword\",\"type\":[\"string\",\"null\"]},{\"name\":\"Sent\",\"type\":[\"boolean\",\"null\"]},{\"name\":\"Delivered\",\"type\":[\"boolean\",\"null\"]},{\"name\":\"Undelivered\",\"type\":[\"boolean\",\"null\"]},{\"name\":\"JourneyName\",\"type\":[\"string\",\"null\"]},{\"name\":\"MobileMessageTrackingIDs\",\"type\":[\"string\",\"null\"]},{\"name\":\"msg\",\"type\":\"string\"},{\"name\":\"node\",\"type\":\"string\"}]}"
                    }
                ],
                "id": "SMS-Metric-Error"
            },
            {
                "name": "sms_base",
                "plugin": {
                    "name": "BigQueryTable",
                    "type": "batchsource",
                    "label": "sms_base",
                    "artifact": {
                        "name": "google-cloud",
                        "version": "0.18.1",
                        "scope": "SYSTEM"
                    },
                    "properties": {
                        "project": "auto-detect",
                        "serviceFilePath": "auto-detect",
                        "dataset": "sfmc_sms",
                        "referenceName": "sms_base",
                        "schema": "{\"type\":\"record\",\"name\":\"output\",\"fields\":[{\"name\":\"MobileMessageTrackingID\",\"type\":[\"long\",\"null\"]},{\"name\":\"EID\",\"type\":[\"long\",\"null\"]},{\"name\":\"MID\",\"type\":[\"long\",\"null\"]},{\"name\":\"Brand\",\"type\":[\"string\",\"null\"]},{\"name\":\"Sector\",\"type\":[\"string\",\"null\"]},{\"name\":\"Country\",\"type\":[\"string\",\"null\"]},{\"name\":\"Region\",\"type\":[\"string\",\"null\"]},{\"name\":\"CampaignID\",\"type\":[\"string\",\"null\"]},{\"name\":\"CampaignName\",\"type\":[\"string\",\"null\"]},{\"name\":\"MessageID\",\"type\":[\"long\",\"null\"]},{\"name\":\"MessageText\",\"type\":[\"string\",\"null\"]},{\"name\":\"Name\",\"type\":[\"string\",\"null\"]},{\"name\":\"SubscriberID\",\"type\":[\"long\",\"null\"]},{\"name\":\"SMSStandardStatusCodeId\",\"type\":[\"long\",\"null\"]},{\"name\":\"Description\",\"type\":[\"string\",\"null\"]},{\"name\":\"EventDate\",\"type\":[{\"type\":\"long\",\"logicalType\":\"timestamp-micros\"},\"null\"]},{\"name\":\"SharedKeyword\",\"type\":[\"string\",\"null\"]},{\"name\":\"Sent\",\"type\":[\"boolean\",\"null\"]},{\"name\":\"Delivered\",\"type\":[\"boolean\",\"null\"]},{\"name\":\"Undelivered\",\"type\":[\"boolean\",\"null\"]},{\"name\":\"JourneyName\",\"type\":[\"string\",\"null\"]},{\"name\":\"MobileMessageTrackingIDs\",\"type\":[\"string\",\"null\"]}]}",
                        "table": "sms",
                        "enableQueryingViews": "false",
                        "serviceAccountType": "filePath",
                        "filter": "where date(EventDate) between DATE_SUB(current_date(), INTERVAL 8 DAY) and DATE_SUB(current_date(), INTERVAL 2 DAY)",
                        "bucket": "${input_bucket}"
                    }
                },
                "outputSchema": "{\"type\":\"record\",\"name\":\"output\",\"fields\":[{\"name\":\"MobileMessageTrackingID\",\"type\":[\"long\",\"null\"]},{\"name\":\"EID\",\"type\":[\"long\",\"null\"]},{\"name\":\"MID\",\"type\":[\"long\",\"null\"]},{\"name\":\"Brand\",\"type\":[\"string\",\"null\"]},{\"name\":\"Sector\",\"type\":[\"string\",\"null\"]},{\"name\":\"Country\",\"type\":[\"string\",\"null\"]},{\"name\":\"Region\",\"type\":[\"string\",\"null\"]},{\"name\":\"CampaignID\",\"type\":[\"string\",\"null\"]},{\"name\":\"CampaignName\",\"type\":[\"string\",\"null\"]},{\"name\":\"MessageID\",\"type\":[\"long\",\"null\"]},{\"name\":\"MessageText\",\"type\":[\"string\",\"null\"]},{\"name\":\"Name\",\"type\":[\"string\",\"null\"]},{\"name\":\"SubscriberID\",\"type\":[\"long\",\"null\"]},{\"name\":\"SMSStandardStatusCodeId\",\"type\":[\"long\",\"null\"]},{\"name\":\"Description\",\"type\":[\"string\",\"null\"]},{\"name\":\"EventDate\",\"type\":[{\"type\":\"long\",\"logicalType\":\"timestamp-micros\"},\"null\"]},{\"name\":\"SharedKeyword\",\"type\":[\"string\",\"null\"]},{\"name\":\"Sent\",\"type\":[\"boolean\",\"null\"]},{\"name\":\"Delivered\",\"type\":[\"boolean\",\"null\"]},{\"name\":\"Undelivered\",\"type\":[\"boolean\",\"null\"]},{\"name\":\"JourneyName\",\"type\":[\"string\",\"null\"]},{\"name\":\"MobileMessageTrackingIDs\",\"type\":[\"string\",\"null\"]}]}",
                "id": "sms_base"
            },
            {
                "name": "Wrangler",
                "plugin": {
                    "name": "Wrangler",
                    "type": "transform",
                    "label": "Wrangler",
                    "artifact": {
                        "name": "wrangler-transform",
                        "version": "4.5.1",
                        "scope": "SYSTEM"
                    },
                    "properties": {
                        "field": "*",
                        "precondition": "false",
                        "directives": "uppercase Region\nuppercase Country",
                        "on-error": "skip-error",
                        "schema": "{\"type\":\"record\",\"name\":\"output\",\"fields\":[{\"name\":\"MobileMessageTrackingID\",\"type\":[\"long\",\"null\"]},{\"name\":\"EID\",\"type\":[\"long\",\"null\"]},{\"name\":\"MID\",\"type\":[\"long\",\"null\"]},{\"name\":\"Brand\",\"type\":[\"string\",\"null\"]},{\"name\":\"Sector\",\"type\":[\"string\",\"null\"]},{\"name\":\"Country\",\"type\":[\"string\",\"null\"]},{\"name\":\"Region\",\"type\":[\"string\",\"null\"]},{\"name\":\"CampaignID\",\"type\":[\"string\",\"null\"]},{\"name\":\"CampaignName\",\"type\":[\"string\",\"null\"]},{\"name\":\"MessageID\",\"type\":[\"long\",\"null\"]},{\"name\":\"MessageText\",\"type\":[\"string\",\"null\"]},{\"name\":\"Name\",\"type\":[\"string\",\"null\"]},{\"name\":\"SubscriberID\",\"type\":[\"long\",\"null\"]},{\"name\":\"SMSStandardStatusCodeId\",\"type\":[\"long\",\"null\"]},{\"name\":\"Description\",\"type\":[\"string\",\"null\"]},{\"name\":\"EventDate\",\"type\":[{\"type\":\"long\",\"logicalType\":\"timestamp-micros\"},\"null\"]},{\"name\":\"SharedKeyword\",\"type\":[\"string\",\"null\"]},{\"name\":\"Sent\",\"type\":[\"boolean\",\"null\"]},{\"name\":\"Delivered\",\"type\":[\"boolean\",\"null\"]},{\"name\":\"Undelivered\",\"type\":[\"boolean\",\"null\"]},{\"name\":\"JourneyName\",\"type\":[\"string\",\"null\"]},{\"name\":\"MobileMessageTrackingIDs\",\"type\":[\"string\",\"null\"]}]}",
                        "workspaceId": "764a1174-b46d-4da4-88b0-df13dc87bfdf"
                    }
                },
                "outputSchema": "{\"type\":\"record\",\"name\":\"output\",\"fields\":[{\"name\":\"MobileMessageTrackingID\",\"type\":[\"long\",\"null\"]},{\"name\":\"EID\",\"type\":[\"long\",\"null\"]},{\"name\":\"MID\",\"type\":[\"long\",\"null\"]},{\"name\":\"Brand\",\"type\":[\"string\",\"null\"]},{\"name\":\"Sector\",\"type\":[\"string\",\"null\"]},{\"name\":\"Country\",\"type\":[\"string\",\"null\"]},{\"name\":\"Region\",\"type\":[\"string\",\"null\"]},{\"name\":\"CampaignID\",\"type\":[\"string\",\"null\"]},{\"name\":\"CampaignName\",\"type\":[\"string\",\"null\"]},{\"name\":\"MessageID\",\"type\":[\"long\",\"null\"]},{\"name\":\"MessageText\",\"type\":[\"string\",\"null\"]},{\"name\":\"Name\",\"type\":[\"string\",\"null\"]},{\"name\":\"SubscriberID\",\"type\":[\"long\",\"null\"]},{\"name\":\"SMSStandardStatusCodeId\",\"type\":[\"long\",\"null\"]},{\"name\":\"Description\",\"type\":[\"string\",\"null\"]},{\"name\":\"EventDate\",\"type\":[{\"type\":\"long\",\"logicalType\":\"timestamp-micros\"},\"null\"]},{\"name\":\"SharedKeyword\",\"type\":[\"string\",\"null\"]},{\"name\":\"Sent\",\"type\":[\"boolean\",\"null\"]},{\"name\":\"Delivered\",\"type\":[\"boolean\",\"null\"]},{\"name\":\"Undelivered\",\"type\":[\"boolean\",\"null\"]},{\"name\":\"JourneyName\",\"type\":[\"string\",\"null\"]},{\"name\":\"MobileMessageTrackingIDs\",\"type\":[\"string\",\"null\"]}]}",
                "inputSchema": [
                    {
                        "name": "sms_base",
                        "schema": "{\"type\":\"record\",\"name\":\"output\",\"fields\":[{\"name\":\"MobileMessageTrackingID\",\"type\":[\"long\",\"null\"]},{\"name\":\"EID\",\"type\":[\"long\",\"null\"]},{\"name\":\"MID\",\"type\":[\"long\",\"null\"]},{\"name\":\"Brand\",\"type\":[\"string\",\"null\"]},{\"name\":\"Sector\",\"type\":[\"string\",\"null\"]},{\"name\":\"Country\",\"type\":[\"string\",\"null\"]},{\"name\":\"Region\",\"type\":[\"string\",\"null\"]},{\"name\":\"CampaignID\",\"type\":[\"string\",\"null\"]},{\"name\":\"CampaignName\",\"type\":[\"string\",\"null\"]},{\"name\":\"MessageID\",\"type\":[\"long\",\"null\"]},{\"name\":\"MessageText\",\"type\":[\"string\",\"null\"]},{\"name\":\"Name\",\"type\":[\"string\",\"null\"]},{\"name\":\"SubscriberID\",\"type\":[\"long\",\"null\"]},{\"name\":\"SMSStandardStatusCodeId\",\"type\":[\"long\",\"null\"]},{\"name\":\"Description\",\"type\":[\"string\",\"null\"]},{\"name\":\"EventDate\",\"type\":[{\"type\":\"long\",\"logicalType\":\"timestamp-micros\"},\"null\"]},{\"name\":\"SharedKeyword\",\"type\":[\"string\",\"null\"]},{\"name\":\"Sent\",\"type\":[\"boolean\",\"null\"]},{\"name\":\"Delivered\",\"type\":[\"boolean\",\"null\"]},{\"name\":\"Undelivered\",\"type\":[\"boolean\",\"null\"]},{\"name\":\"JourneyName\",\"type\":[\"string\",\"null\"]},{\"name\":\"MobileMessageTrackingIDs\",\"type\":[\"string\",\"null\"]}]}"
                    }
                ],
                "id": "Wrangler"
            }
        ],
        "schedule": "30 8 * * 3",
        "engine": "spark",
        "numOfRecordsPreview": 100,
        "description": "Data Pipeline Application",
        "maxConcurrentRuns": 1
    }
}
