{
    "name": "JOB_HMP_SFMC_DETAILED_EMAIL_ACTIV",
    "description": "Data Pipeline Application",
    "artifact": {
        "name": "cdap-data-pipeline",
        "version": "6.5.1",
        "scope": "SYSTEM"
    },
    "config": {
        "resources": {
            "memoryMB": 2048,
            "virtualCores": 1
        },
        "driverResources": {
            "memoryMB": 2048,
            "virtualCores": 1
        },
        "connections": [
            {
                "from": "Lookup_source",
                "to": "Null_remover"
            },
            {
                "from": "Null_remover",
                "to": "Distinct_CC_Region"
            },
            {
                "from": "Distinct_CC_Region",
                "to": "Joiner"
            },
            {
                "from": "Joiner",
                "to": "Final_email_transforms"
            },
            {
                "from": "Final_email_transforms",
                "to": "email_metric_sink"
            },
            {
                "from": "Final_email_transforms",
                "to": "ErrorCollector"
            },
            {
                "from": "ErrorCollector",
                "to": "Email_metric_error"
            },
            {
                "from": "email_base",
                "to": "Wrangler"
            },
            {
                "from": "Wrangler",
                "to": "Joiner"
            },
            {
                "from": "BigQuery Execute",
                "to": "email_base"
            }
        ],
        "comments": [],
        "postActions": [],
        "properties": {},
        "processTimingEnabled": true,
        "stageLoggingEnabled": false,
        "stages": [
            {
                "name": "Lookup_source",
                "plugin": {
                    "name": "BigQueryTable",
                    "type": "batchsource",
                    "label": "Lookup_source",
                    "artifact": {
                        "name": "google-cloud",
                        "version": "0.18.1",
                        "scope": "SYSTEM"
                    },
                    "properties": {
                        "project": "auto-detect",
                        "serviceFilePath": "auto-detect",
                        "dataset": "kc_lookup_data",
                        "table": "lookup_country_region_map",
                        "referenceName": "Lookup_source",
                        "schema": "{\"type\":\"record\",\"name\":\"etlSchemaBody\",\"fields\":[{\"name\":\"COUNTRYCODE\",\"type\":[\"string\",\"null\"]},{\"name\":\"COUNTRYNAME\",\"type\":[\"string\",\"null\"]},{\"name\":\"CREATEUPDATE_DATETIME\",\"type\":[{\"type\":\"int\",\"logicalType\":\"date\"},\"null\"]},{\"name\":\"REGION\",\"type\":[\"string\",\"null\"]},{\"name\":\"INDICATOR_FLAG\",\"type\":[\"boolean\",\"null\"]},{\"name\":\"COUNTRY_DESC\",\"type\":[\"string\",\"null\"]}]}",
                        "enableQueryingViews": "false",
                        "serviceAccountType": "filePath",
                        "bucket": "${input_bucket_email}"
                    }
                },
                "outputSchema": "{\"type\":\"record\",\"name\":\"etlSchemaBody\",\"fields\":[{\"name\":\"COUNTRYCODE\",\"type\":[\"string\",\"null\"]},{\"name\":\"COUNTRYNAME\",\"type\":[\"string\",\"null\"]},{\"name\":\"CREATEUPDATE_DATETIME\",\"type\":[{\"type\":\"int\",\"logicalType\":\"date\"},\"null\"]},{\"name\":\"REGION\",\"type\":[\"string\",\"null\"]},{\"name\":\"INDICATOR_FLAG\",\"type\":[\"boolean\",\"null\"]},{\"name\":\"COUNTRY_DESC\",\"type\":[\"string\",\"null\"]}]}",
                "id": "Lookup_source"
            },
            {
                "name": "Null_remover",
                "plugin": {
                    "name": "Wrangler",
                    "type": "transform",
                    "label": "Null_remover",
                    "artifact": {
                        "name": "wrangler-transform",
                        "version": "4.5.1",
                        "scope": "SYSTEM"
                    },
                    "properties": {
                        "field": "*",
                        "precondition": "false",
                        "schema": "{\"type\":\"record\",\"name\":\"etlSchemaBody\",\"fields\":[{\"name\":\"COUNTRYCODE\",\"type\":[\"string\",\"null\"]},{\"name\":\"COUNTRYNAME\",\"type\":[\"string\",\"null\"]},{\"name\":\"REGION\",\"type\":[\"string\",\"null\"]},{\"name\":\"COUNTRY_DESC\",\"type\":[\"string\",\"null\"]},{\"name\":\"INDICATOR_FLAG\",\"type\":[\"boolean\",\"null\"]},{\"name\":\"CREATEUPDATE_DATETIME\",\"type\":[{\"type\":\"int\",\"logicalType\":\"date\"},\"null\"]}]}",
                        "workspaceId": "00bd6b10-72e4-4793-8de1-b1083f90e6e9",
                        "directives": "filter-rows-on condition-true COUNTRYCODE == null || COUNTRYCODE =~ \"^\\W*$\"\nfilter-rows-on condition-true REGION == null || REGION =~ \"^\\W*$\"",
                        "on-error": "skip-error"
                    }
                },
                "outputSchema": "{\"type\":\"record\",\"name\":\"etlSchemaBody\",\"fields\":[{\"name\":\"COUNTRYCODE\",\"type\":[\"string\",\"null\"]},{\"name\":\"COUNTRYNAME\",\"type\":[\"string\",\"null\"]},{\"name\":\"REGION\",\"type\":[\"string\",\"null\"]},{\"name\":\"COUNTRY_DESC\",\"type\":[\"string\",\"null\"]},{\"name\":\"INDICATOR_FLAG\",\"type\":[\"boolean\",\"null\"]},{\"name\":\"CREATEUPDATE_DATETIME\",\"type\":[{\"type\":\"int\",\"logicalType\":\"date\"},\"null\"]}]}",
                "inputSchema": [
                    {
                        "name": "Lookup_source",
                        "schema": "{\"type\":\"record\",\"name\":\"etlSchemaBody\",\"fields\":[{\"name\":\"COUNTRYCODE\",\"type\":[\"string\",\"null\"]},{\"name\":\"COUNTRYNAME\",\"type\":[\"string\",\"null\"]},{\"name\":\"CREATEUPDATE_DATETIME\",\"type\":[{\"type\":\"int\",\"logicalType\":\"date\"},\"null\"]},{\"name\":\"REGION\",\"type\":[\"string\",\"null\"]},{\"name\":\"INDICATOR_FLAG\",\"type\":[\"boolean\",\"null\"]},{\"name\":\"COUNTRY_DESC\",\"type\":[\"string\",\"null\"]}]}"
                    }
                ],
                "id": "Null_remover"
            },
            {
                "name": "Distinct_CC_Region",
                "plugin": {
                    "name": "Distinct",
                    "type": "batchaggregator",
                    "label": "Distinct_CC_Region",
                    "artifact": {
                        "name": "core-plugins",
                        "version": "2.7.1",
                        "scope": "SYSTEM"
                    },
                    "properties": {
                        "fields": "COUNTRYCODE,REGION"
                    }
                },
                "outputSchema": [
                    {
                        "name": "etlSchemaBody",
                        "schema": "{\"type\":\"record\",\"name\":\"etlSchemaBody\",\"fields\":[{\"name\":\"COUNTRYCODE\",\"type\":[\"string\",\"null\"]},{\"name\":\"REGION\",\"type\":[\"string\",\"null\"]}]}"
                    }
                ],
                "inputSchema": [
                    {
                        "name": "Null_remover",
                        "schema": "{\"type\":\"record\",\"name\":\"etlSchemaBody\",\"fields\":[{\"name\":\"COUNTRYCODE\",\"type\":[\"string\",\"null\"]},{\"name\":\"COUNTRYNAME\",\"type\":[\"string\",\"null\"]},{\"name\":\"REGION\",\"type\":[\"string\",\"null\"]},{\"name\":\"COUNTRY_DESC\",\"type\":[\"string\",\"null\"]},{\"name\":\"INDICATOR_FLAG\",\"type\":[\"boolean\",\"null\"]},{\"name\":\"CREATEUPDATE_DATETIME\",\"type\":[{\"type\":\"int\",\"logicalType\":\"date\"},\"null\"]}]}"
                    }
                ],
                "id": "Distinct_CC_Region"
            },
            {
                "name": "Joiner",
                "plugin": {
                    "name": "Joiner",
                    "type": "batchjoiner",
                    "label": "Joiner",
                    "artifact": {
                        "name": "core-plugins",
                        "version": "2.7.1",
                        "scope": "SYSTEM"
                    },
                    "properties": {
                        "schema": "{\"name\":\"etlSchemaBody\",\"type\":\"record\",\"fields\":[{\"name\":\"COUNTRYCODE_lkup\",\"type\":[\"string\",\"null\"]},{\"name\":\"REGION_lkup\",\"type\":[\"string\",\"null\"]},{\"name\":\"REGION\",\"type\":[\"string\",\"null\"]},{\"name\":\"BRAND\",\"type\":[\"string\",\"null\"]},{\"name\":\"SECTOR\",\"type\":[\"string\",\"null\"]},{\"name\":\"EMAIL_NAME\",\"type\":[\"string\",\"null\"]},{\"name\":\"TIMESTAMP\",\"type\":[{\"type\":\"int\",\"logicalType\":\"date\"},\"null\"]},{\"name\":\"LINK_CONTENT\",\"type\":[\"string\",\"null\"]},{\"name\":\"URL\",\"type\":[\"string\",\"null\"]},{\"name\":\"COUNTRYCODE\",\"type\":[\"string\",\"null\"]},{\"name\":\"TOTAL_CLICK\",\"type\":[{\"type\":\"bytes\",\"logicalType\":\"decimal\",\"precision\":38,\"scale\":9},\"null\"]},{\"name\":\"UNIQUE_CLICKS\",\"type\":[{\"type\":\"bytes\",\"logicalType\":\"decimal\",\"precision\":38,\"scale\":9},\"null\"]},{\"name\":\"TOTAL_OPENS\",\"type\":[{\"type\":\"bytes\",\"logicalType\":\"decimal\",\"precision\":38,\"scale\":9},\"null\"]},{\"name\":\"UNIQUE_OPENS\",\"type\":[{\"type\":\"bytes\",\"logicalType\":\"decimal\",\"precision\":38,\"scale\":9},\"null\"]},{\"name\":\"SENDS\",\"type\":[{\"type\":\"bytes\",\"logicalType\":\"decimal\",\"precision\":38,\"scale\":9},\"null\"]}]}",
                        "joinKeys": "Distinct_CC_Region.COUNTRYCODE = Wrangler.COUNTRYCODE & Distinct_CC_Region.REGION = Wrangler.REGION",
                        "selectedFields": "Distinct_CC_Region.COUNTRYCODE as COUNTRYCODE_lkup,Distinct_CC_Region.REGION as REGION_lkup,Wrangler.REGION as REGION,Wrangler.BRAND as BRAND,Wrangler.SECTOR as SECTOR,Wrangler.EMAIL_NAME as EMAIL_NAME,Wrangler.TIMESTAMP as TIMESTAMP,Wrangler.LINK_CONTENT as LINK_CONTENT, Wrangler.URL as URL, Wrangler.COUNTRYCODE as COUNTRYCODE,Wrangler.TOTAL_CLICK as TOTAL_CLICK,Wrangler.UNIQUE_CLICKS as UNIQUE_CLICKS,Wrangler.TOTAL_OPENS as TOTAL_OPENS,Wrangler.UNIQUE_OPENS as UNIQUE_OPENS,Wrangler.SENDS as SENDS",
                        "requiredInputs": "Wrangler",
                        "joinNullKeys": "true",
                        "distributionEnabled": "false",
                        "conditionType": "basic"
                    }
                },
                "outputSchema": [
                    {
                        "name": "etlSchemaBody",
                        "schema": "{\"name\":\"etlSchemaBody\",\"type\":\"record\",\"fields\":[{\"name\":\"COUNTRYCODE_lkup\",\"type\":[\"string\",\"null\"]},{\"name\":\"REGION_lkup\",\"type\":[\"string\",\"null\"]},{\"name\":\"REGION\",\"type\":[\"string\",\"null\"]},{\"name\":\"BRAND\",\"type\":[\"string\",\"null\"]},{\"name\":\"SECTOR\",\"type\":[\"string\",\"null\"]},{\"name\":\"EMAIL_NAME\",\"type\":[\"string\",\"null\"]},{\"name\":\"TIMESTAMP\",\"type\":[{\"type\":\"int\",\"logicalType\":\"date\"},\"null\"]},{\"name\":\"LINK_CONTENT\",\"type\":[\"string\",\"null\"]},{\"name\":\"URL\",\"type\":[\"string\",\"null\"]},{\"name\":\"COUNTRYCODE\",\"type\":[\"string\",\"null\"]},{\"name\":\"TOTAL_CLICK\",\"type\":[{\"type\":\"bytes\",\"logicalType\":\"decimal\",\"precision\":38,\"scale\":9},\"null\"]},{\"name\":\"UNIQUE_CLICKS\",\"type\":[{\"type\":\"bytes\",\"logicalType\":\"decimal\",\"precision\":38,\"scale\":9},\"null\"]},{\"name\":\"TOTAL_OPENS\",\"type\":[{\"type\":\"bytes\",\"logicalType\":\"decimal\",\"precision\":38,\"scale\":9},\"null\"]},{\"name\":\"UNIQUE_OPENS\",\"type\":[{\"type\":\"bytes\",\"logicalType\":\"decimal\",\"precision\":38,\"scale\":9},\"null\"]},{\"name\":\"SENDS\",\"type\":[{\"type\":\"bytes\",\"logicalType\":\"decimal\",\"precision\":38,\"scale\":9},\"null\"]}]}"
                    }
                ],
                "inputSchema": [
                    {
                        "name": "Distinct_CC_Region",
                        "schema": "{\"type\":\"record\",\"name\":\"etlSchemaBody\",\"fields\":[{\"name\":\"COUNTRYCODE\",\"type\":[\"string\",\"null\"]},{\"name\":\"REGION\",\"type\":[\"string\",\"null\"]}]}"
                    },
                    {
                        "name": "Wrangler",
                        "schema": "{\"type\":\"record\",\"name\":\"etlSchemaBody\",\"fields\":[{\"name\":\"REGION\",\"type\":[\"string\",\"null\"]},{\"name\":\"BRAND\",\"type\":[\"string\",\"null\"]},{\"name\":\"SECTOR\",\"type\":[\"string\",\"null\"]},{\"name\":\"EMAIL_NAME\",\"type\":[\"string\",\"null\"]},{\"name\":\"TIMESTAMP\",\"type\":[{\"type\":\"int\",\"logicalType\":\"date\"},\"null\"]},{\"name\":\"LINK_CONTENT\",\"type\":[\"string\",\"null\"]},{\"name\":\"URL\",\"type\":[\"string\",\"null\"]},{\"name\":\"COUNTRYCODE\",\"type\":[\"string\",\"null\"]},{\"name\":\"TOTAL_CLICK\",\"type\":[{\"type\":\"bytes\",\"logicalType\":\"decimal\",\"precision\":38,\"scale\":9},\"null\"]},{\"name\":\"UNIQUE_CLICKS\",\"type\":[{\"type\":\"bytes\",\"logicalType\":\"decimal\",\"precision\":38,\"scale\":9},\"null\"]},{\"name\":\"TOTAL_OPENS\",\"type\":[{\"type\":\"bytes\",\"logicalType\":\"decimal\",\"precision\":38,\"scale\":9},\"null\"]},{\"name\":\"UNIQUE_OPENS\",\"type\":[{\"type\":\"bytes\",\"logicalType\":\"decimal\",\"precision\":38,\"scale\":9},\"null\"]},{\"name\":\"SENDS\",\"type\":[{\"type\":\"bytes\",\"logicalType\":\"decimal\",\"precision\":38,\"scale\":9},\"null\"]}]}"
                    }
                ],
                "id": "Joiner"
            },
            {
                "name": "Final_email_transforms",
                "plugin": {
                    "name": "Wrangler",
                    "type": "transform",
                    "label": "Final_email_transforms",
                    "artifact": {
                        "name": "wrangler-transform",
                        "version": "4.5.1",
                        "scope": "SYSTEM"
                    },
                    "properties": {
                        "field": "*",
                        "precondition": "false",
                        "schema": "{\"name\":\"etlSchemaBody\",\"type\":\"record\",\"fields\":[{\"name\":\"COUNTRYCODE_lkup\",\"type\":[\"string\",\"null\"]},{\"name\":\"REGION_lkup\",\"type\":[\"string\",\"null\"]},{\"name\":\"REGION\",\"type\":[\"string\",\"null\"]},{\"name\":\"BRAND\",\"type\":[\"string\",\"null\"]},{\"name\":\"SECTOR\",\"type\":[\"string\",\"null\"]},{\"name\":\"EMAIL_NAME\",\"type\":[\"string\",\"null\"]},{\"name\":\"TIMESTAMP\",\"type\":[{\"type\":\"int\",\"logicalType\":\"date\"},\"null\"]},{\"name\":\"LINK_CONTENT\",\"type\":[\"string\",\"null\"]},{\"name\":\"URL\",\"type\":[\"string\",\"null\"]},{\"name\":\"COUNTRYCODE\",\"type\":[\"string\",\"null\"]},{\"name\":\"TOTAL_CLICK\",\"type\":[{\"type\":\"bytes\",\"logicalType\":\"decimal\",\"precision\":38,\"scale\":9},\"null\"]},{\"name\":\"UNIQUE_CLICKS\",\"type\":[{\"type\":\"bytes\",\"logicalType\":\"decimal\",\"precision\":38,\"scale\":9},\"null\"]},{\"name\":\"TOTAL_OPENS\",\"type\":[{\"type\":\"bytes\",\"logicalType\":\"decimal\",\"precision\":38,\"scale\":9},\"null\"]},{\"name\":\"UNIQUE_OPENS\",\"type\":[{\"type\":\"bytes\",\"logicalType\":\"decimal\",\"precision\":38,\"scale\":9},\"null\"]},{\"name\":\"SENDS\",\"type\":[{\"type\":\"bytes\",\"logicalType\":\"decimal\",\"precision\":38,\"scale\":9},\"null\"]}]}",
                        "workspaceId": "b4de2889-aabb-4f43-8d7d-9f2697211922",
                        "directives": "send-to-error empty(COUNTRYCODE_lkup)\nsend-to-error empty(REGION_lkup)\nsend-to-error SECTOR != 'AFC' && SECTOR != 'BCC' && SECTOR != 'FC'\ndrop COUNTRYCODE_lkup\ndrop REGION_lkup\ncopy BRAND brand_upper true\nuppercase brand_upper\nsend-to-error brand_upper !='DRYNITES' && brand_upper !='HUGGIES' && brand_upper !='PLENITUD' && brand_upper !='UBYKOTEX' && brand_upper !='POISE' && brand_upper !='DEPEND' && brand_upper !='PULLUPS' && brand_upper !='GOODNITES' && brand_upper !='VIVA' && brand_upper !='SCOTT' && brand_upper !='KLEENEX' && brand_upper !='COTTONELLE' && brand_upper !='ANDREX' && brand_upper !='SHIKMA' && brand_upper !='TITULIM' && brand_upper !='MOLETT' && brand_upper !='LILY' && brand_upper !='NIKOL' && brand_upper !='INTIMUS' && brand_upper !='HAKLE' && brand_upper !='SCOTTEX' && brand_upper !='LAVIE' && brand_upper !='NEVE' && brand_upper !='SUAVE' && brand_upper !='KOTEX' && brand_upper !='DURAMAX' && brand_upper !='DEPENDCARE' && brand_upper !='PULL-UPS'\ndrop brand_upper",
                        "on-error": "skip-error"
                    }
                },
                "outputSchema": [
                    {
                        "name": "etlSchemaBody",
                        "schema": "{\"name\":\"etlSchemaBody\",\"type\":\"record\",\"fields\":[{\"name\":\"COUNTRYCODE_lkup\",\"type\":[\"string\",\"null\"]},{\"name\":\"REGION_lkup\",\"type\":[\"string\",\"null\"]},{\"name\":\"REGION\",\"type\":[\"string\",\"null\"]},{\"name\":\"BRAND\",\"type\":[\"string\",\"null\"]},{\"name\":\"SECTOR\",\"type\":[\"string\",\"null\"]},{\"name\":\"EMAIL_NAME\",\"type\":[\"string\",\"null\"]},{\"name\":\"TIMESTAMP\",\"type\":[{\"type\":\"int\",\"logicalType\":\"date\"},\"null\"]},{\"name\":\"LINK_CONTENT\",\"type\":[\"string\",\"null\"]},{\"name\":\"URL\",\"type\":[\"string\",\"null\"]},{\"name\":\"COUNTRYCODE\",\"type\":[\"string\",\"null\"]},{\"name\":\"TOTAL_CLICK\",\"type\":[{\"type\":\"bytes\",\"logicalType\":\"decimal\",\"precision\":38,\"scale\":9},\"null\"]},{\"name\":\"UNIQUE_CLICKS\",\"type\":[{\"type\":\"bytes\",\"logicalType\":\"decimal\",\"precision\":38,\"scale\":9},\"null\"]},{\"name\":\"TOTAL_OPENS\",\"type\":[{\"type\":\"bytes\",\"logicalType\":\"decimal\",\"precision\":38,\"scale\":9},\"null\"]},{\"name\":\"UNIQUE_OPENS\",\"type\":[{\"type\":\"bytes\",\"logicalType\":\"decimal\",\"precision\":38,\"scale\":9},\"null\"]},{\"name\":\"SENDS\",\"type\":[{\"type\":\"bytes\",\"logicalType\":\"decimal\",\"precision\":38,\"scale\":9},\"null\"]}]}"
                    }
                ],
                "inputSchema": [
                    {
                        "name": "Joiner",
                        "schema": "{\"name\":\"etlSchemaBody\",\"type\":\"record\",\"fields\":[{\"name\":\"COUNTRYCODE_lkup\",\"type\":[\"string\",\"null\"]},{\"name\":\"REGION_lkup\",\"type\":[\"string\",\"null\"]},{\"name\":\"REGION\",\"type\":[\"string\",\"null\"]},{\"name\":\"BRAND\",\"type\":[\"string\",\"null\"]},{\"name\":\"SECTOR\",\"type\":[\"string\",\"null\"]},{\"name\":\"EMAIL_NAME\",\"type\":[\"string\",\"null\"]},{\"name\":\"TIMESTAMP\",\"type\":[{\"type\":\"int\",\"logicalType\":\"date\"},\"null\"]},{\"name\":\"LINK_CONTENT\",\"type\":[\"string\",\"null\"]},{\"name\":\"URL\",\"type\":[\"string\",\"null\"]},{\"name\":\"COUNTRYCODE\",\"type\":[\"string\",\"null\"]},{\"name\":\"TOTAL_CLICK\",\"type\":[{\"type\":\"bytes\",\"logicalType\":\"decimal\",\"precision\":38,\"scale\":9},\"null\"]},{\"name\":\"UNIQUE_CLICKS\",\"type\":[{\"type\":\"bytes\",\"logicalType\":\"decimal\",\"precision\":38,\"scale\":9},\"null\"]},{\"name\":\"TOTAL_OPENS\",\"type\":[{\"type\":\"bytes\",\"logicalType\":\"decimal\",\"precision\":38,\"scale\":9},\"null\"]},{\"name\":\"UNIQUE_OPENS\",\"type\":[{\"type\":\"bytes\",\"logicalType\":\"decimal\",\"precision\":38,\"scale\":9},\"null\"]},{\"name\":\"SENDS\",\"type\":[{\"type\":\"bytes\",\"logicalType\":\"decimal\",\"precision\":38,\"scale\":9},\"null\"]}]}"
                    }
                ],
                "id": "Final_email_transforms"
            },
            {
                "name": "email_metric_sink",
                "plugin": {
                    "name": "BigQueryTable",
                    "type": "batchsink",
                    "label": "email_metric_sink",
                    "artifact": {
                        "name": "google-cloud",
                        "version": "0.18.1",
                        "scope": "SYSTEM"
                    },
                    "properties": {
                        "project": "auto-detect",
                        "serviceFilePath": "auto-detect",
                        "operation": "insert",
                        "truncateTable": "false",
                        "allowSchemaRelaxation": "false",
                        "location": "US",
                        "createPartitionedTable": "false",
                        "partitionFilterRequired": "false",
                        "schema": "{\"name\":\"etlSchemaBody\",\"type\":\"record\",\"fields\":[{\"name\":\"REGION\",\"type\":[\"string\",\"null\"]},{\"name\":\"BRAND\",\"type\":[\"string\",\"null\"]},{\"name\":\"SECTOR\",\"type\":[\"string\",\"null\"]},{\"name\":\"EMAIL_NAME\",\"type\":[\"string\",\"null\"]},{\"name\":\"TIMESTAMP\",\"type\":[{\"type\":\"int\",\"logicalType\":\"date\"},\"null\"]},{\"name\":\"LINK_CONTENT\",\"type\":[\"string\",\"null\"]},{\"name\":\"URL\",\"type\":[\"string\",\"null\"]},{\"name\":\"COUNTRYCODE\",\"type\":[\"string\",\"null\"]},{\"name\":\"TOTAL_CLICK\",\"type\":[{\"type\":\"bytes\",\"logicalType\":\"decimal\",\"precision\":38,\"scale\":9},\"null\"]},{\"name\":\"UNIQUE_CLICKS\",\"type\":[{\"type\":\"bytes\",\"logicalType\":\"decimal\",\"precision\":38,\"scale\":9},\"null\"]},{\"name\":\"TOTAL_OPENS\",\"type\":[{\"type\":\"bytes\",\"logicalType\":\"decimal\",\"precision\":38,\"scale\":9},\"null\"]},{\"name\":\"UNIQUE_OPENS\",\"type\":[{\"type\":\"bytes\",\"logicalType\":\"decimal\",\"precision\":38,\"scale\":9},\"null\"]},{\"name\":\"SENDS\",\"type\":[{\"type\":\"bytes\",\"logicalType\":\"decimal\",\"precision\":38,\"scale\":9},\"null\"]}]}",
                        "dataset": "sfmc_email",
                        "table": "F_DETAILED_EMAIL_ACTIVITY",
                        "referenceName": "email_metric_sink",
                        "serviceAccountType": "filePath",
                        "partitioningType": "TIME",
                        "bucket": "${output_bucket_email}"
                    }
                },
                "outputSchema": [
                    {
                        "name": "etlSchemaBody",
                        "schema": "{\"name\":\"etlSchemaBody\",\"type\":\"record\",\"fields\":[{\"name\":\"REGION\",\"type\":[\"string\",\"null\"]},{\"name\":\"BRAND\",\"type\":[\"string\",\"null\"]},{\"name\":\"SECTOR\",\"type\":[\"string\",\"null\"]},{\"name\":\"EMAIL_NAME\",\"type\":[\"string\",\"null\"]},{\"name\":\"TIMESTAMP\",\"type\":[{\"type\":\"int\",\"logicalType\":\"date\"},\"null\"]},{\"name\":\"LINK_CONTENT\",\"type\":[\"string\",\"null\"]},{\"name\":\"URL\",\"type\":[\"string\",\"null\"]},{\"name\":\"COUNTRYCODE\",\"type\":[\"string\",\"null\"]},{\"name\":\"TOTAL_CLICK\",\"type\":[{\"type\":\"bytes\",\"logicalType\":\"decimal\",\"precision\":38,\"scale\":9},\"null\"]},{\"name\":\"UNIQUE_CLICKS\",\"type\":[{\"type\":\"bytes\",\"logicalType\":\"decimal\",\"precision\":38,\"scale\":9},\"null\"]},{\"name\":\"TOTAL_OPENS\",\"type\":[{\"type\":\"bytes\",\"logicalType\":\"decimal\",\"precision\":38,\"scale\":9},\"null\"]},{\"name\":\"UNIQUE_OPENS\",\"type\":[{\"type\":\"bytes\",\"logicalType\":\"decimal\",\"precision\":38,\"scale\":9},\"null\"]},{\"name\":\"SENDS\",\"type\":[{\"type\":\"bytes\",\"logicalType\":\"decimal\",\"precision\":38,\"scale\":9},\"null\"]}]}"
                    }
                ],
                "inputSchema": [
                    {
                        "name": "Final_email_transforms",
                        "schema": "{\"name\":\"etlSchemaBody\",\"type\":\"record\",\"fields\":[{\"name\":\"COUNTRYCODE_lkup\",\"type\":[\"string\",\"null\"]},{\"name\":\"REGION_lkup\",\"type\":[\"string\",\"null\"]},{\"name\":\"REGION\",\"type\":[\"string\",\"null\"]},{\"name\":\"BRAND\",\"type\":[\"string\",\"null\"]},{\"name\":\"SECTOR\",\"type\":[\"string\",\"null\"]},{\"name\":\"EMAIL_NAME\",\"type\":[\"string\",\"null\"]},{\"name\":\"TIMESTAMP\",\"type\":[{\"type\":\"int\",\"logicalType\":\"date\"},\"null\"]},{\"name\":\"LINK_CONTENT\",\"type\":[\"string\",\"null\"]},{\"name\":\"URL\",\"type\":[\"string\",\"null\"]},{\"name\":\"COUNTRYCODE\",\"type\":[\"string\",\"null\"]},{\"name\":\"TOTAL_CLICK\",\"type\":[{\"type\":\"bytes\",\"logicalType\":\"decimal\",\"precision\":38,\"scale\":9},\"null\"]},{\"name\":\"UNIQUE_CLICKS\",\"type\":[{\"type\":\"bytes\",\"logicalType\":\"decimal\",\"precision\":38,\"scale\":9},\"null\"]},{\"name\":\"TOTAL_OPENS\",\"type\":[{\"type\":\"bytes\",\"logicalType\":\"decimal\",\"precision\":38,\"scale\":9},\"null\"]},{\"name\":\"UNIQUE_OPENS\",\"type\":[{\"type\":\"bytes\",\"logicalType\":\"decimal\",\"precision\":38,\"scale\":9},\"null\"]},{\"name\":\"SENDS\",\"type\":[{\"type\":\"bytes\",\"logicalType\":\"decimal\",\"precision\":38,\"scale\":9},\"null\"]}]}"
                    }
                ],
                "id": "email_metric_sink"
            },
            {
                "name": "ErrorCollector",
                "plugin": {
                    "name": "ErrorCollector",
                    "type": "errortransform",
                    "label": "ErrorCollector",
                    "artifact": {
                        "name": "core-plugins",
                        "version": "2.7.1",
                        "scope": "SYSTEM"
                    },
                    "properties": {
                        "messageField": "msg",
                        "stageField": "node",
                        "codeField": "code"
                    }
                },
                "outputSchema": [
                    {
                        "name": "etlSchemaBody",
                        "schema": "{\"name\":\"etlSchemaBody\",\"type\":\"record\",\"fields\":[{\"name\":\"REGION\",\"type\":[\"string\",\"null\"]},{\"name\":\"BRAND\",\"type\":[\"string\",\"null\"]},{\"name\":\"SECTOR\",\"type\":[\"string\",\"null\"]},{\"name\":\"EMAIL_NAME\",\"type\":[\"string\",\"null\"]},{\"name\":\"TIMESTAMP\",\"type\":[{\"type\":\"int\",\"logicalType\":\"date\"},\"null\"]},{\"name\":\"LINK_CONTENT\",\"type\":[\"string\",\"null\"]},{\"name\":\"URL\",\"type\":[\"string\",\"null\"]},{\"name\":\"COUNTRYCODE\",\"type\":[\"string\",\"null\"]},{\"name\":\"TOTAL_CLICK\",\"type\":[{\"type\":\"bytes\",\"logicalType\":\"decimal\",\"precision\":38,\"scale\":9},\"null\"]},{\"name\":\"UNIQUE_CLICKS\",\"type\":[{\"type\":\"bytes\",\"logicalType\":\"decimal\",\"precision\":38,\"scale\":9},\"null\"]},{\"name\":\"TOTAL_OPENS\",\"type\":[{\"type\":\"bytes\",\"logicalType\":\"decimal\",\"precision\":38,\"scale\":9},\"null\"]},{\"name\":\"UNIQUE_OPENS\",\"type\":[{\"type\":\"bytes\",\"logicalType\":\"decimal\",\"precision\":38,\"scale\":9},\"null\"]},{\"name\":\"SENDS\",\"type\":[{\"type\":\"bytes\",\"logicalType\":\"decimal\",\"precision\":38,\"scale\":9},\"null\"]}]}"
                    }
                ],
                "inputSchema": [
                    {
                        "name": "Final_email_transforms",
                        "schema": "{\"name\":\"etlSchemaBody\",\"type\":\"record\",\"fields\":[{\"name\":\"COUNTRYCODE_lkup\",\"type\":[\"string\",\"null\"]},{\"name\":\"REGION_lkup\",\"type\":[\"string\",\"null\"]},{\"name\":\"REGION\",\"type\":[\"string\",\"null\"]},{\"name\":\"BRAND\",\"type\":[\"string\",\"null\"]},{\"name\":\"SECTOR\",\"type\":[\"string\",\"null\"]},{\"name\":\"EMAIL_NAME\",\"type\":[\"string\",\"null\"]},{\"name\":\"TIMESTAMP\",\"type\":[{\"type\":\"int\",\"logicalType\":\"date\"},\"null\"]},{\"name\":\"LINK_CONTENT\",\"type\":[\"string\",\"null\"]},{\"name\":\"URL\",\"type\":[\"string\",\"null\"]},{\"name\":\"COUNTRYCODE\",\"type\":[\"string\",\"null\"]},{\"name\":\"TOTAL_CLICK\",\"type\":[{\"type\":\"bytes\",\"logicalType\":\"decimal\",\"precision\":38,\"scale\":9},\"null\"]},{\"name\":\"UNIQUE_CLICKS\",\"type\":[{\"type\":\"bytes\",\"logicalType\":\"decimal\",\"precision\":38,\"scale\":9},\"null\"]},{\"name\":\"TOTAL_OPENS\",\"type\":[{\"type\":\"bytes\",\"logicalType\":\"decimal\",\"precision\":38,\"scale\":9},\"null\"]},{\"name\":\"UNIQUE_OPENS\",\"type\":[{\"type\":\"bytes\",\"logicalType\":\"decimal\",\"precision\":38,\"scale\":9},\"null\"]},{\"name\":\"SENDS\",\"type\":[{\"type\":\"bytes\",\"logicalType\":\"decimal\",\"precision\":38,\"scale\":9},\"null\"]}]}"
                    }
                ],
                "id": "ErrorCollector"
            },
            {
                "name": "Email_metric_error",
                "plugin": {
                    "name": "BigQueryTable",
                    "type": "batchsink",
                    "label": "Email_metric_error",
                    "artifact": {
                        "name": "google-cloud",
                        "version": "0.18.1",
                        "scope": "SYSTEM"
                    },
                    "properties": {
                        "referenceName": "bq_error_sync",
                        "project": "auto-detect",
                        "dataset": "sfmc_email",
                        "table": "F_DETAILED_EMAIL_ACTIVITY_ERROR",
                        "serviceAccountType": "filePath",
                        "serviceFilePath": "auto-detect",
                        "operation": "insert",
                        "truncateTable": "false",
                        "allowSchemaRelaxation": "false",
                        "location": "US",
                        "createPartitionedTable": "false",
                        "partitioningType": "TIME",
                        "partitionFilterRequired": "false",
                        "schema": "{\"name\":\"etlSchemaBody\",\"type\":\"record\",\"fields\":[{\"name\":\"REGION\",\"type\":[\"string\",\"null\"]},{\"name\":\"BRAND\",\"type\":[\"string\",\"null\"]},{\"name\":\"SECTOR\",\"type\":[\"string\",\"null\"]},{\"name\":\"EMAIL_NAME\",\"type\":[\"string\",\"null\"]},{\"name\":\"TIMESTAMP\",\"type\":[{\"type\":\"int\",\"logicalType\":\"date\"},\"null\"]},{\"name\":\"LINK_CONTENT\",\"type\":[\"string\",\"null\"]},{\"name\":\"URL\",\"type\":[\"string\",\"null\"]},{\"name\":\"COUNTRYCODE\",\"type\":[\"string\",\"null\"]},{\"name\":\"TOTAL_CLICK\",\"type\":[{\"type\":\"bytes\",\"logicalType\":\"decimal\",\"precision\":38,\"scale\":9},\"null\"]},{\"name\":\"UNIQUE_CLICKS\",\"type\":[{\"type\":\"bytes\",\"logicalType\":\"decimal\",\"precision\":38,\"scale\":9},\"null\"]},{\"name\":\"TOTAL_OPENS\",\"type\":[{\"type\":\"bytes\",\"logicalType\":\"decimal\",\"precision\":38,\"scale\":9},\"null\"]},{\"name\":\"UNIQUE_OPENS\",\"type\":[{\"type\":\"bytes\",\"logicalType\":\"decimal\",\"precision\":38,\"scale\":9},\"null\"]},{\"name\":\"SENDS\",\"type\":[{\"type\":\"bytes\",\"logicalType\":\"decimal\",\"precision\":38,\"scale\":9},\"null\"]}]}",
                        "bucket": "${output_bucket_email}"
                    }
                },
                "information": {
                    "comments": {
                        "list": [
                            {
                                "content": "",
                                "createDate": 1620919545344
                            }
                        ]
                    }
                },
                "outputSchema": [
                    {
                        "name": "etlSchemaBody",
                        "schema": "{\"name\":\"etlSchemaBody\",\"type\":\"record\",\"fields\":[{\"name\":\"REGION\",\"type\":[\"string\",\"null\"]},{\"name\":\"BRAND\",\"type\":[\"string\",\"null\"]},{\"name\":\"SECTOR\",\"type\":[\"string\",\"null\"]},{\"name\":\"EMAIL_NAME\",\"type\":[\"string\",\"null\"]},{\"name\":\"TIMESTAMP\",\"type\":[{\"type\":\"int\",\"logicalType\":\"date\"},\"null\"]},{\"name\":\"LINK_CONTENT\",\"type\":[\"string\",\"null\"]},{\"name\":\"URL\",\"type\":[\"string\",\"null\"]},{\"name\":\"COUNTRYCODE\",\"type\":[\"string\",\"null\"]},{\"name\":\"TOTAL_CLICK\",\"type\":[{\"type\":\"bytes\",\"logicalType\":\"decimal\",\"precision\":38,\"scale\":9},\"null\"]},{\"name\":\"UNIQUE_CLICKS\",\"type\":[{\"type\":\"bytes\",\"logicalType\":\"decimal\",\"precision\":38,\"scale\":9},\"null\"]},{\"name\":\"TOTAL_OPENS\",\"type\":[{\"type\":\"bytes\",\"logicalType\":\"decimal\",\"precision\":38,\"scale\":9},\"null\"]},{\"name\":\"UNIQUE_OPENS\",\"type\":[{\"type\":\"bytes\",\"logicalType\":\"decimal\",\"precision\":38,\"scale\":9},\"null\"]},{\"name\":\"SENDS\",\"type\":[{\"type\":\"bytes\",\"logicalType\":\"decimal\",\"precision\":38,\"scale\":9},\"null\"]}]}"
                    }
                ],
                "inputSchema": [
                    {
                        "name": "ErrorCollector",
                        "schema": "{\"name\":\"etlSchemaBody\",\"type\":\"record\",\"fields\":[{\"name\":\"REGION\",\"type\":[\"string\",\"null\"]},{\"name\":\"BRAND\",\"type\":[\"string\",\"null\"]},{\"name\":\"SECTOR\",\"type\":[\"string\",\"null\"]},{\"name\":\"EMAIL_NAME\",\"type\":[\"string\",\"null\"]},{\"name\":\"TIMESTAMP\",\"type\":[{\"type\":\"int\",\"logicalType\":\"date\"},\"null\"]},{\"name\":\"LINK_CONTENT\",\"type\":[\"string\",\"null\"]},{\"name\":\"URL\",\"type\":[\"string\",\"null\"]},{\"name\":\"COUNTRYCODE\",\"type\":[\"string\",\"null\"]},{\"name\":\"TOTAL_CLICK\",\"type\":[{\"type\":\"bytes\",\"logicalType\":\"decimal\",\"precision\":38,\"scale\":9},\"null\"]},{\"name\":\"UNIQUE_CLICKS\",\"type\":[{\"type\":\"bytes\",\"logicalType\":\"decimal\",\"precision\":38,\"scale\":9},\"null\"]},{\"name\":\"TOTAL_OPENS\",\"type\":[{\"type\":\"bytes\",\"logicalType\":\"decimal\",\"precision\":38,\"scale\":9},\"null\"]},{\"name\":\"UNIQUE_OPENS\",\"type\":[{\"type\":\"bytes\",\"logicalType\":\"decimal\",\"precision\":38,\"scale\":9},\"null\"]},{\"name\":\"SENDS\",\"type\":[{\"type\":\"bytes\",\"logicalType\":\"decimal\",\"precision\":38,\"scale\":9},\"null\"]}]}"
                    }
                ],
                "id": "Email_metric_error"
            },
            {
                "name": "email_base",
                "plugin": {
                    "name": "BigQueryTable",
                    "type": "batchsource",
                    "label": "email_base",
                    "artifact": {
                        "name": "google-cloud",
                        "version": "0.18.1",
                        "scope": "SYSTEM"
                    },
                    "properties": {
                        "project": "auto-detect",
                        "serviceFilePath": "auto-detect",
                        "dataset": "sfmc_email",
                        "filter": "where TIMESTAMP between DATE_SUB(current_date(), INTERVAL 92 DAY) and DATE_SUB(current_date(), INTERVAL 2 DAY)",
                        "referenceName": "email_base",
                        "schema": "{\"type\":\"record\",\"name\":\"etlSchemaBody\",\"fields\":[{\"name\":\"REGION\",\"type\":[\"string\",\"null\"]},{\"name\":\"BRAND\",\"type\":[\"string\",\"null\"]},{\"name\":\"SECTOR\",\"type\":[\"string\",\"null\"]},{\"name\":\"EMAIL_NAME\",\"type\":[\"string\",\"null\"]},{\"name\":\"TIMESTAMP\",\"type\":[{\"type\":\"int\",\"logicalType\":\"date\"},\"null\"]},{\"name\":\"LINK_CONTENT\",\"type\":[\"string\",\"null\"]},{\"name\":\"URL\",\"type\":[\"string\",\"null\"]},{\"name\":\"COUNTRYCODE\",\"type\":[\"string\",\"null\"]},{\"name\":\"TOTAL_CLICK\",\"type\":[{\"type\":\"bytes\",\"logicalType\":\"decimal\",\"precision\":38,\"scale\":9},\"null\"]},{\"name\":\"UNIQUE_CLICKS\",\"type\":[{\"type\":\"bytes\",\"logicalType\":\"decimal\",\"precision\":38,\"scale\":9},\"null\"]},{\"name\":\"TOTAL_OPENS\",\"type\":[{\"type\":\"bytes\",\"logicalType\":\"decimal\",\"precision\":38,\"scale\":9},\"null\"]},{\"name\":\"UNIQUE_OPENS\",\"type\":[{\"type\":\"bytes\",\"logicalType\":\"decimal\",\"precision\":38,\"scale\":9},\"null\"]},{\"name\":\"SENDS\",\"type\":[{\"type\":\"bytes\",\"logicalType\":\"decimal\",\"precision\":38,\"scale\":9},\"null\"]}]}",
                        "table": "F_DETAILED_EMAIL_ACTIVITY_INTERMEDIATE",
                        "enableQueryingViews": "false",
                        "serviceAccountType": "filePath",
                        "bucket": "${input_bucket_email}"
                    }
                },
                "outputSchema": "{\"type\":\"record\",\"name\":\"etlSchemaBody\",\"fields\":[{\"name\":\"REGION\",\"type\":[\"string\",\"null\"]},{\"name\":\"BRAND\",\"type\":[\"string\",\"null\"]},{\"name\":\"SECTOR\",\"type\":[\"string\",\"null\"]},{\"name\":\"EMAIL_NAME\",\"type\":[\"string\",\"null\"]},{\"name\":\"TIMESTAMP\",\"type\":[{\"type\":\"int\",\"logicalType\":\"date\"},\"null\"]},{\"name\":\"LINK_CONTENT\",\"type\":[\"string\",\"null\"]},{\"name\":\"URL\",\"type\":[\"string\",\"null\"]},{\"name\":\"COUNTRYCODE\",\"type\":[\"string\",\"null\"]},{\"name\":\"TOTAL_CLICK\",\"type\":[{\"type\":\"bytes\",\"logicalType\":\"decimal\",\"precision\":38,\"scale\":9},\"null\"]},{\"name\":\"UNIQUE_CLICKS\",\"type\":[{\"type\":\"bytes\",\"logicalType\":\"decimal\",\"precision\":38,\"scale\":9},\"null\"]},{\"name\":\"TOTAL_OPENS\",\"type\":[{\"type\":\"bytes\",\"logicalType\":\"decimal\",\"precision\":38,\"scale\":9},\"null\"]},{\"name\":\"UNIQUE_OPENS\",\"type\":[{\"type\":\"bytes\",\"logicalType\":\"decimal\",\"precision\":38,\"scale\":9},\"null\"]},{\"name\":\"SENDS\",\"type\":[{\"type\":\"bytes\",\"logicalType\":\"decimal\",\"precision\":38,\"scale\":9},\"null\"]}]}",
                "id": "email_base"
            },
            {
                "name": "Wrangler",
                "plugin": {
                    "name": "Wrangler",
                    "type": "transform",
                    "label": "Wrangler",
                    "artifact": {
                        "name": "wrangler-transform",
                        "version": "4.5.1",
                        "scope": "SYSTEM"
                    },
                    "properties": {
                        "field": "*",
                        "precondition": "false",
                        "schema": "{\"type\":\"record\",\"name\":\"etlSchemaBody\",\"fields\":[{\"name\":\"REGION\",\"type\":[\"string\",\"null\"]},{\"name\":\"BRAND\",\"type\":[\"string\",\"null\"]},{\"name\":\"SECTOR\",\"type\":[\"string\",\"null\"]},{\"name\":\"EMAIL_NAME\",\"type\":[\"string\",\"null\"]},{\"name\":\"TIMESTAMP\",\"type\":[{\"type\":\"int\",\"logicalType\":\"date\"},\"null\"]},{\"name\":\"LINK_CONTENT\",\"type\":[\"string\",\"null\"]},{\"name\":\"URL\",\"type\":[\"string\",\"null\"]},{\"name\":\"COUNTRYCODE\",\"type\":[\"string\",\"null\"]},{\"name\":\"TOTAL_CLICK\",\"type\":[{\"type\":\"bytes\",\"logicalType\":\"decimal\",\"precision\":38,\"scale\":9},\"null\"]},{\"name\":\"UNIQUE_CLICKS\",\"type\":[{\"type\":\"bytes\",\"logicalType\":\"decimal\",\"precision\":38,\"scale\":9},\"null\"]},{\"name\":\"TOTAL_OPENS\",\"type\":[{\"type\":\"bytes\",\"logicalType\":\"decimal\",\"precision\":38,\"scale\":9},\"null\"]},{\"name\":\"UNIQUE_OPENS\",\"type\":[{\"type\":\"bytes\",\"logicalType\":\"decimal\",\"precision\":38,\"scale\":9},\"null\"]},{\"name\":\"SENDS\",\"type\":[{\"type\":\"bytes\",\"logicalType\":\"decimal\",\"precision\":38,\"scale\":9},\"null\"]}]}",
                        "workspaceId": "6968e22c-ad14-4bb5-a22a-c596c2d039ef",
                        "directives": "uppercase REGION\nuppercase COUNTRYCODE",
                        "on-error": "skip-error"
                    }
                },
                "outputSchema": "{\"type\":\"record\",\"name\":\"etlSchemaBody\",\"fields\":[{\"name\":\"REGION\",\"type\":[\"string\",\"null\"]},{\"name\":\"BRAND\",\"type\":[\"string\",\"null\"]},{\"name\":\"SECTOR\",\"type\":[\"string\",\"null\"]},{\"name\":\"EMAIL_NAME\",\"type\":[\"string\",\"null\"]},{\"name\":\"TIMESTAMP\",\"type\":[{\"type\":\"int\",\"logicalType\":\"date\"},\"null\"]},{\"name\":\"LINK_CONTENT\",\"type\":[\"string\",\"null\"]},{\"name\":\"URL\",\"type\":[\"string\",\"null\"]},{\"name\":\"COUNTRYCODE\",\"type\":[\"string\",\"null\"]},{\"name\":\"TOTAL_CLICK\",\"type\":[{\"type\":\"bytes\",\"logicalType\":\"decimal\",\"precision\":38,\"scale\":9},\"null\"]},{\"name\":\"UNIQUE_CLICKS\",\"type\":[{\"type\":\"bytes\",\"logicalType\":\"decimal\",\"precision\":38,\"scale\":9},\"null\"]},{\"name\":\"TOTAL_OPENS\",\"type\":[{\"type\":\"bytes\",\"logicalType\":\"decimal\",\"precision\":38,\"scale\":9},\"null\"]},{\"name\":\"UNIQUE_OPENS\",\"type\":[{\"type\":\"bytes\",\"logicalType\":\"decimal\",\"precision\":38,\"scale\":9},\"null\"]},{\"name\":\"SENDS\",\"type\":[{\"type\":\"bytes\",\"logicalType\":\"decimal\",\"precision\":38,\"scale\":9},\"null\"]}]}",
                "inputSchema": [
                    {
                        "name": "email_base",
                        "schema": "{\"type\":\"record\",\"name\":\"etlSchemaBody\",\"fields\":[{\"name\":\"REGION\",\"type\":[\"string\",\"null\"]},{\"name\":\"BRAND\",\"type\":[\"string\",\"null\"]},{\"name\":\"SECTOR\",\"type\":[\"string\",\"null\"]},{\"name\":\"EMAIL_NAME\",\"type\":[\"string\",\"null\"]},{\"name\":\"TIMESTAMP\",\"type\":[{\"type\":\"int\",\"logicalType\":\"date\"},\"null\"]},{\"name\":\"LINK_CONTENT\",\"type\":[\"string\",\"null\"]},{\"name\":\"URL\",\"type\":[\"string\",\"null\"]},{\"name\":\"COUNTRYCODE\",\"type\":[\"string\",\"null\"]},{\"name\":\"TOTAL_CLICK\",\"type\":[{\"type\":\"bytes\",\"logicalType\":\"decimal\",\"precision\":38,\"scale\":9},\"null\"]},{\"name\":\"UNIQUE_CLICKS\",\"type\":[{\"type\":\"bytes\",\"logicalType\":\"decimal\",\"precision\":38,\"scale\":9},\"null\"]},{\"name\":\"TOTAL_OPENS\",\"type\":[{\"type\":\"bytes\",\"logicalType\":\"decimal\",\"precision\":38,\"scale\":9},\"null\"]},{\"name\":\"UNIQUE_OPENS\",\"type\":[{\"type\":\"bytes\",\"logicalType\":\"decimal\",\"precision\":38,\"scale\":9},\"null\"]},{\"name\":\"SENDS\",\"type\":[{\"type\":\"bytes\",\"logicalType\":\"decimal\",\"precision\":38,\"scale\":9},\"null\"]}]}"
                    }
                ],
                "id": "Wrangler"
            },
            {
                "name": "BigQuery Execute",
                "plugin": {
                    "name": "BigQueryExecute",
                    "type": "action",
                    "label": "BigQuery Execute",
                    "artifact": {
                        "name": "google-cloud",
                        "version": "0.18.1",
                        "scope": "SYSTEM"
                    },
                    "properties": {
                        "project": "auto-detect",
                        "sql": "DELETE from sfmc_email.F_DETAILED_EMAIL_ACTIVITY_ERROR where TIMESTAMP between DATE_SUB(current_date(), INTERVAL 92 DAY) and DATE_SUB(current_date(), INTERVAL 2 DAY)",
                        "dialect": "standard",
                        "mode": "batch",
                        "useCache": "false",
                        "location": "US",
                        "rowAsArguments": "false",
                        "serviceAccountType": "filePath",
                        "serviceFilePath": "auto-detect"
                    }
                },
                "outputSchema": [
                    {
                        "name": "etlSchemaBody",
                        "schema": ""
                    }
                ],
                "id": "BigQuery-Execute"
            }
        ],
        "schedule": "30 8 * * 3",
        "engine": "spark",
        "numOfRecordsPreview": 100,
        "description": "Data Pipeline Application",
        "maxConcurrentRuns": 1
    }
}
